fixture_id,date,competition,season,home_team,away_team,home_lineup_change_count,home_attacking_output_missing,home_defensive_regulars_missing,home_new_signings_count,away_lineup_change_count,away_attacking_output_missing,away_defensive_regulars_missing,away_new_signings_count
1386551,2025-08-08,ELC,2025,Birmingham,Ipswich,,,,11,,,,11
1386553,2025-08-09,ELC,2025,Southampton,Wrexham,,,,11,,,,11
1386554,2025-08-09,ELC,2025,Charlton,Watford,,,,10,,,,11
1386552,2025-08-09,ELC,2025,Coventry,Hull City,,,,11,,,,11
1386555,2025-08-09,ELC,2025,West Brom,Blackburn,,,,11,,,,11
1386557,2025-08-09,ELC,2025,Middlesbrough,Swansea,,,,11,,,,11
1386560,2025-08-09,ELC,2025,Norwich,Millwall,,,,11,,,,11
1386558,2025-08-09,ELC,2025,QPR,Preston,,,,11,,,,11
1386556,2025-08-09,ELC,2025,Stoke City,Derby,,,,10,,,,11
1386559,2025-08-09,ELC,2025,Oxford United,Portsmouth,,,,11,,,,11
1386561,2025-08-09,ELC,2025,Sheffield Utd,Bristol City,,,,11,,,,11
1386562,2025-08-10,ELC,2025,Leicester,Sheffield Wednesday,,,,11,,,,11
1378969,2025-08-15,PL,2025,Liverpool,Bournemouth,,,,11,,,,11
1378970,2025-08-16,PL,2025,Aston Villa,Newcastle,,,,11,,,,11
1386568,2025-08-16,ELC,2025,Derby,Coventry,,,,3,,,,1
1386565,2025-08-16,ELC,2025,Portsmouth,Norwich,,,,1,,,,3
1386564,2025-08-16,ELC,2025,Wrexham,West Brom,,,,1,,,,1
1378974,2025-08-16,PL,2025,Tottenham,Burnley,,,,11,,,,11
1378971,2025-08-16,PL,2025,Brighton,Fulham,,,,11,,,,11
1378973,2025-08-16,PL,2025,Sunderland,West Ham,,,,11,,,,11
1386571,2025-08-16,ELC,2025,Watford,QPR,,,,2,,,,3
1386566,2025-08-16,ELC,2025,Bristol City,Charlton,,,,0,,,,0
1386563,2025-08-16,ELC,2025,Millwall,Middlesbrough,,,,0,,,,1
1386567,2025-08-16,ELC,2025,Preston,Leicester,,,,2,,,,1
1386569,2025-08-16,ELC,2025,Blackburn,Birmingham,,,,3,,,,0
1386573,2025-08-16,ELC,2025,Sheffield Wednesday,Stoke City,,,,1,,,,1
1386574,2025-08-16,ELC,2025,Swansea,Sheffield Utd,,,,1,,,,2
1378975,2025-08-16,PL,2025,Wolves,Manchester City,,,,11,,,,11
1386572,2025-08-17,ELC,2025,Ipswich,Southampton,,,,1,,,,2
1378976,2025-08-17,PL,2025,Chelsea,Crystal Palace,,,,11,,,,11
1378972,2025-08-17,PL,2025,Nottingham Forest,Brentford,,,,11,,,,11
1386570,2025-08-17,ELC,2025,Hull City,Oxford United,,,,4,,,,0
1378977,2025-08-17,PL,2025,Manchester United,Arsenal,,,,11,,,,11
1378978,2025-08-18,PL,2025,Leeds,Everton,,,,11,,,,11
1378988,2025-08-22,PL,2025,West Ham,Chelsea,,,,1,,,,4
1386580,2025-08-22,ELC,2025,Derby,Bristol City,,,,1,,,,2
1378986,2025-08-23,PL,2025,Manchester City,Tottenham,,,,2,,,,2
1386579,2025-08-23,ELC,2025,Hull City,Blackburn,,,,1,,,,0
1386575,2025-08-23,ELC,2025,Swansea,Watford,,,,0,,,,1
1386577,2025-08-23,ELC,2025,Charlton,Leicester,,,,1,,,,3
1378980,2025-08-23,PL,2025,Bournemouth,Wolves,,,,0,,,,1
1378982,2025-08-23,PL,2025,Burnley,Sunderland,,,,2,,,,1
1378981,2025-08-23,PL,2025,Brentford,Aston Villa,,,,4,,,,2
1386578,2025-08-23,ELC,2025,Southampton,Stoke City,,,,1,,,,0
1386584,2025-08-23,ELC,2025,Birmingham,Oxford United,,,,2,,,,4
1386581,2025-08-23,ELC,2025,Preston,Ipswich,,,,0,,,,0
1386576,2025-08-23,ELC,2025,West Brom,Portsmouth,,,,1,,,,1
1386582,2025-08-23,ELC,2025,Sheffield Utd,Millwall,,,,2,,,,4
1386583,2025-08-23,ELC,2025,Norwich,Middlesbrough,,,,0,,,,1
1386586,2025-08-23,ELC,2025,Coventry,QPR,,,,0,,,,3
1386585,2025-08-23,ELC,2025,Wrexham,Sheffield Wednesday,,,,2,,,,4
1378979,2025-08-23,PL,2025,Arsenal,Leeds,,,,2,,,,1
1378984,2025-08-24,PL,2025,Everton,Brighton,,,,2,,,,1
1378983,2025-08-24,PL,2025,Crystal Palace,Nottingham Forest,,,,1,,,,0
1378985,2025-08-24,PL,2025,Fulham,Manchester United,,,,3,,,,1
1378987,2025-08-25,PL,2025,Newcastle,Liverpool,,,,0,,,,2
1386587,2025-08-29,ELC,2025,Leicester,Birmingham,,,,0,,,,1
1378991,2025-08-30,PL,2025,Chelsea,Fulham,,,,0,,,,0
1386595,2025-08-30,ELC,2025,Middlesbrough,Sheffield Utd,,,,1,,,,1
1386592,2025-08-30,ELC,2025,QPR,Charlton,,,,3,,,,0
1386594,2025-08-30,ELC,2025,Stoke City,West Brom,,,,0,,,,2
1378994,2025-08-30,PL,2025,Manchester United,Burnley,,,,0,,,,0
1378998,2025-08-30,PL,2025,Wolves,Everton,,,,4,,,,1
1378997,2025-08-30,PL,2025,Tottenham,Bournemouth,,,,0,,,,0
1378996,2025-08-30,PL,2025,Sunderland,Brentford,,,,2,,,,0
1386596,2025-08-30,ELC,2025,Watford,Southampton,,,,0,,,,4
1386591,2025-08-30,ELC,2025,Bristol City,Hull City,,,,0,,,,1
1386597,2025-08-30,ELC,2025,Ipswich,Derby,,,,4,,,,4
1386588,2025-08-30,ELC,2025,Millwall,Wrexham,,,,1,,,,2
1386593,2025-08-30,ELC,2025,Blackburn,Norwich,,,,0,,,,4
1386598,2025-08-30,ELC,2025,Sheffield Wednesday,Swansea,,,,0,,,,3
1386589,2025-08-30,ELC,2025,Oxford United,Coventry,,,,2,,,,0
1386590,2025-08-30,ELC,2025,Portsmouth,Preston,,,,0,,,,1
1378992,2025-08-30,PL,2025,Leeds,Newcastle,,,,2,,,,4
1378990,2025-08-31,PL,2025,Brighton,Manchester City,,,,3,,,,3
1378995,2025-08-31,PL,2025,Nottingham Forest,West Ham,,,,0,,,,3
1378993,2025-08-31,PL,2025,Liverpool,Arsenal,,,,0,,,,1
1378989,2025-08-31,PL,2025,Aston Villa,Crystal Palace,,,,3,,,,1
1386603,2025-09-12,ELC,2025,Ipswich,Sheffield Utd,,,,2,,,,2
1378999,2025-09-13,PL,2025,Arsenal,Nottingham Forest,,,,2,,,,1
1386607,2025-09-13,ELC,2025,Preston,Middlesbrough,,,,1,,,,3
1386601,2025-09-13,ELC,2025,Charlton,Millwall,,,,0,,,,1
1386609,2025-09-13,ELC,2025,Oxford United,Leicester,,,,3,,,,1
1379007,2025-09-13,PL,2025,Newcastle,Wolves,,,,1,,,,5
1379000,2025-09-13,PL,2025,Bournemouth,Brighton,,,,2,,,,1
1379005,2025-09-13,PL,2025,Fulham,Leeds,,,,0,,,,4
1379004,2025-09-13,PL,2025,Everton,Aston Villa,,,,0,,,,2
1379003,2025-09-13,PL,2025,Crystal Palace,Sunderland,,,,2,,,,1
1386606,2025-09-13,ELC,2025,Watford,Blackburn,,,,3,,,,3
1386602,2025-09-13,ELC,2025,West Brom,Derby,,,,0,,,,1
1386599,2025-09-13,ELC,2025,Sheffield Wednesday,Bristol City,,,,1,,,,0
1386605,2025-09-13,ELC,2025,Stoke City,Birmingham,,,,1,,,,2
1386600,2025-09-13,ELC,2025,Swansea,Hull City,,,,0,,,,2
1386608,2025-09-13,ELC,2025,Coventry,Norwich,,,,0,,,,0
1386610,2025-09-13,ELC,2025,Wrexham,QPR,,,,1,,,,2
1379008,2025-09-13,PL,2025,West Ham,Tottenham,,,,1,,,,2
1379001,2025-09-13,PL,2025,Brentford,Chelsea,,,,1,,,,3
1386604,2025-09-14,ELC,2025,Southampton,Portsmouth,,,,1,,,,1
1379002,2025-09-14,PL,2025,Burnley,Liverpool,,,,1,,,,0
1379006,2025-09-14,PL,2025,Manchester City,Manchester United,,,,4,,,,3
1386618,2025-09-19,ELC,2025,Middlesbrough,West Brom,,,,3,,,,1
1379014,2025-09-20,PL,2025,Liverpool,Everton,,,,1,,,,0
1386611,2025-09-20,ELC,2025,Leicester,Coventry,,,,3,,,,0
1386616,2025-09-20,ELC,2025,Birmingham,Swansea,,,,2,,,,0
1386621,2025-09-20,ELC,2025,QPR,Stoke City,,,,0,,,,0
1379018,2025-09-20,PL,2025,Wolves,Leeds,,,,1,,,,0
1379012,2025-09-20,PL,2025,Burnley,Nottingham Forest,,,,1,,,,3
1379017,2025-09-20,PL,2025,West Ham,Crystal Palace,,,,2,,,,0
1379011,2025-09-20,PL,2025,Brighton,Tottenham,,,,2,,,,2
1386614,2025-09-20,ELC,2025,Sheffield Utd,Charlton,,,,1,,,,2
1386619,2025-09-20,ELC,2025,Hull City,Southampton,,,,1,,,,2
1386622,2025-09-20,ELC,2025,Derby,Preston,,,,0,,,,0
1386617,2025-09-20,ELC,2025,Norwich,Wrexham,,,,2,,,,3
1386615,2025-09-20,ELC,2025,Portsmouth,Sheffield Wednesday,,,,1,,,,2
1379015,2025-09-20,PL,2025,Manchester United,Chelsea,,,,1,,,,0
1379013,2025-09-20,PL,2025,Fulham,Brentford,,,,0,,,,0
1379010,2025-09-21,PL,2025,Bournemouth,Newcastle,,,,1,,,,4
1379016,2025-09-21,PL,2025,Sunderland,Aston Villa,,,,1,,,,0
1386613,2025-09-21,ELC,2025,Bristol City,Oxford United,,,,0,,,,1
1379009,2025-09-21,PL,2025,Arsenal,Manchester City,,,,1,,,,0
1386612,2025-09-22,ELC,2025,Millwall,Watford,,,,2,,,,3
1386627,2025-09-26,ELC,2025,West Brom,Leicester,,,,2,,,,0
1379020,2025-09-27,PL,2025,Brentford,Manchester United,,,,1,,,,0
1386629,2025-09-27,ELC,2025,Swansea,Millwall,,,,0,,,,1
1386632,2025-09-27,ELC,2025,Coventry,Birmingham,,,,1,,,,1
1386633,2025-09-27,ELC,2025,Wrexham,Derby,,,,0,,,,1
1379021,2025-09-27,PL,2025,Chelsea,Brighton,,,,1,,,,0
1379025,2025-09-27,PL,2025,Manchester City,Burnley,,,,1,,,,0
1379022,2025-09-27,PL,2025,Crystal Palace,Liverpool,,,,0,,,,1
1379024,2025-09-27,PL,2025,Leeds,Bournemouth,,,,0,,,,3
1386624,2025-09-27,ELC,2025,Watford,Hull City,,,,1,,,,0
1386625,2025-09-27,ELC,2025,Southampton,Middlesbrough,,,,2,,,,0
1386626,2025-09-27,ELC,2025,Ipswich,Portsmouth,,,,2,,,,5
1386631,2025-09-27,ELC,2025,Preston,Bristol City,,,,0,,,,0
1386630,2025-09-27,ELC,2025,Sheffield Wednesday,QPR,,,,0,,,,0
1386623,2025-09-27,ELC,2025,Stoke City,Norwich,,,,0,,,,3
1386628,2025-09-27,ELC,2025,Charlton,Blackburn,,,,0,,,,3
1386634,2025-09-27,ELC,2025,Oxford United,Sheffield Utd,,,,0,,,,1
1379027,2025-09-27,PL,2025,Nottingham Forest,Sunderland,,,,2,,,,1
1379028,2025-09-27,PL,2025,Tottenham,Wolves,,,,0,,,,0
1379019,2025-09-28,PL,2025,Aston Villa,Fulham,,,,1,,,,0
1379026,2025-09-28,PL,2025,Newcastle,Arsenal,,,,0,,,,0
1379023,2025-09-29,PL,2025,Everton,West Ham,,,,0,,,,1
1386635,2025-09-30,ELC,2025,Leicester,Wrexham,,,,2,,,,0
1386637,2025-09-30,ELC,2025,Birmingham,Sheffield Wednesday,,,,1,,,,0
1386638,2025-09-30,ELC,2025,Bristol City,Ipswich,,,,1,,,,2
1386636,2025-09-30,ELC,2025,Sheffield Utd,Southampton,,,,1,,,,0
1386639,2025-09-30,ELC,2025,Hull City,Preston,,,,0,,,,2
1386641,2025-09-30,ELC,2025,Blackburn,Swansea,,,,1,,,,1
1386640,2025-09-30,ELC,2025,Middlesbrough,Stoke City,,,,1,,,,4
1386642,2025-09-30,ELC,2025,Derby,Charlton,,,,0,,,,1
1386646,2025-10-01,ELC,2025,Millwall,Coventry,,,,1,,,,0
1386644,2025-10-01,ELC,2025,Norwich,West Brom,,,,0,,,,1
1386645,2025-10-01,ELC,2025,Portsmouth,Watford,,,,1,,,,1
1386643,2025-10-01,ELC,2025,QPR,Oxford United,,,,2,,,,0
1379031,2025-10-03,PL,2025,Bournemouth,Fulham,,,,0,,,,1
1386648,2025-10-03,ELC,2025,Wrexham,Birmingham,4,0.0,1.75,0,5,0.0,3.0,2
1379035,2025-10-04,PL,2025,Leeds,Tottenham,,,,0,,,,0
1386654,2025-10-04,ELC,2025,Hull City,Sheffield Utd,3,0.4,0.0,1,4,0.0,1.0,1
1386653,2025-10-04,ELC,2025,Blackburn,Stoke City,,,,0,2,0.3333,0.0,0
1386656,2025-10-04,ELC,2025,Sheffield Wednesday,Coventry,1,0.0,0.375,0,2,0.9583,0.0,1
1379036,2025-10-04,PL,2025,Manchester United,Sunderland,,,,1,,,,1
1379029,2025-10-04,PL,2025,Arsenal,West Ham,,,,0,,,,0
1386655,2025-10-04,ELC,2025,Watford,Oxford United,4,0.4,0.0,0,3,0.2,0.0,0
1386651,2025-10-04,ELC,2025,Bristol City,QPR,2,0.125,0.0,0,4,0.2,2.0,0
1386647,2025-10-04,ELC,2025,Millwall,West Brom,5,0.5357,0.5,0,2,0.0,0.0,1
1386650,2025-10-04,ELC,2025,Preston,Charlton,4,1.0333,0.0,0,3,0.2,0.875,0
1386652,2025-10-04,ELC,2025,Derby,Southampton,3,0.375,0.75,0,6,0.45,2.125,1
1386657,2025-10-04,ELC,2025,Swansea,Leicester,3,0.0,0.0,0,6,0.1429,1.125,0
1386649,2025-10-04,ELC,2025,Portsmouth,Middlesbrough,6,0.4286,2.0,0,2,0.0,0.0,0
1379033,2025-10-04,PL,2025,Chelsea,Liverpool,,,,2,,,,1
1386658,2025-10-05,ELC,2025,Ipswich,Norwich,,,,0,2,0.0,0.875,0
1379037,2025-10-05,PL,2025,Newcastle,Nottingham Forest,,,,0,,,,3
1379038,2025-10-05,PL,2025,Wolves,Brighton,,,,0,,,,0
1379034,2025-10-05,PL,2025,Everton,Crystal Palace,,,,1,,,,0
1379030,2025-10-05,PL,2025,Aston Villa,Burnley,,,,0,,,,1
1379032,2025-10-05,PL,2025,Brentford,Manchester City,,,,1,,,,0
1386662,2025-10-17,ELC,2025,Middlesbrough,Ipswich,3,0.0,1.0,0,2,1.0,0.75,0
1379045,2025-10-18,PL,2025,Nottingham Forest,Chelsea,,,,1,,,,1
1386659,2025-10-18,ELC,2025,Southampton,Swansea,7,0.45,2.5556,1,0,0.0,0.0,0
1386664,2025-10-18,ELC,2025,QPR,Millwall,3,0.1667,0.7778,0,5,0.6607,1.0,1
1386668,2025-10-18,ELC,2025,Oxford United,Derby,6,0.5333,1.3333,1,3,0.0,0.6667,0
1379040,2025-10-18,PL,2025,Burnley,Leeds,,,,1,,,,1
1379044,2025-10-18,PL,2025,Manchester City,Everton,,,,1,,,,0
1379039,2025-10-18,PL,2025,Brighton,Newcastle,,,,0,,,,0
1379041,2025-10-18,PL,2025,Crystal Palace,Bournemouth,,,,0,,,,1
1379046,2025-10-18,PL,2025,Sunderland,Wolves,,,,0,,,,0
1386666,2025-10-18,ELC,2025,Birmingham,Hull City,5,0.0,2.6667,0,3,0.1111,0.0,0
1386661,2025-10-18,ELC,2025,West Brom,Preston,3,0.375,0.0,0,3,0.2,0.0,0
1386667,2025-10-18,ELC,2025,Sheffield Utd,Watford,4,0.0,0.8889,0,3,0.0,1.4444,0
1386665,2025-10-18,ELC,2025,Norwich,Bristol City,5,0.0,1.2222,0,2,0.0,0.0,0
1386663,2025-10-18,ELC,2025,Stoke City,Wrexham,2,0.0,0.0,0,4,0.0,1.5556,0
1386660,2025-10-18,ELC,2025,Charlton,Sheffield Wednesday,3,0.2,0.7778,0,1,0.125,0.0,0
1386670,2025-10-18,ELC,2025,Coventry,Blackburn,1,0.3333,0.0,0,5,0.6786,1.375,0
1379042,2025-10-18,PL,2025,Fulham,Arsenal,,,,1,,,,0
1386669,2025-10-18,ELC,2025,Leicester,Portsmouth,6,0.1429,1.0,1,5,0.4286,1.7778,0
1379047,2025-10-19,PL,2025,Tottenham,Aston Villa,,,,1,,,,0
1379043,2025-10-19,PL,2025,Liverpool,Manchester United,,,,0,,,,0
1379048,2025-10-20,PL,2025,West Ham,Brentford,,,,2,,,,0
1386678,2025-10-21,ELC,2025,Ipswich,Charlton,5,1.0893,0.5556,0,2,0.2,0.7,1
1386671,2025-10-21,ELC,2025,Millwall,Stoke City,6,0.4107,0.9,0,5,0.8413,0.9,1
1386673,2025-10-21,ELC,2025,Preston,Birmingham,4,0.7143,1.0,1,4,0.1,1.2,0
1386677,2025-10-21,ELC,2025,Hull City,Leicester,4,0.7778,1.5,1,2,0.0,0.5,0
1386676,2025-10-21,ELC,2025,Blackburn,Sheffield Utd,6,0.7897,1.2222,0,5,0.2222,0.4,1
1386675,2025-10-21,ELC,2025,Derby,Norwich,3,0.0,0.7,0,4,0.0,1.1,0
1386672,2025-10-21,ELC,2025,Portsmouth,Coventry,4,0.4286,1.6,0,2,1.0317,0.0,2
1386674,2025-10-21,ELC,2025,Bristol City,Southampton,2,0.1111,0.0,0,5,0.2,2.3,0
1386681,2025-10-22,ELC,2025,Watford,West Brom,3,0.0,1.6,0,3,0.25,0.9,1
1386679,2025-10-22,ELC,2025,Swansea,QPR,3,0.9048,1.0,1,5,0.1667,1.5,0
1386682,2025-10-22,ELC,2025,Wrexham,Oxford United,5,0.8536,1.0,1,4,0.5333,1.2,0
1386680,2025-10-22,ELC,2025,Sheffield Wednesday,Middlesbrough,3,0.125,1.2,1,3,0.0,0.9,0
1379055,2025-10-24,PL,2025,Leeds,West Ham,3,0.125,1.625,1,6,0.0,1.75,0
1386686,2025-10-24,ELC,2025,Preston,Sheffield Utd,5,0.7619,0.9091,0,2,0.0,0.0,1
1386694,2025-10-25,ELC,2025,Ipswich,West Brom,4,0.8,1.7,1,3,0.25,0.8182,0
1386684,2025-10-25,ELC,2025,Coventry,Watford,1,0.6,0.0,0,4,0.5079,0.6364,0
1386687,2025-10-25,ELC,2025,Portsmouth,Stoke City,5,0.5286,1.5455,2,3,0.0,0.9091,1
1379057,2025-10-25,PL,2025,Newcastle,Fulham,3,0.0,1.25,0,4,0.1667,1.625,2
1379053,2025-10-25,PL,2025,Chelsea,Sunderland,2,0.25,0.0,1,3,0.0,0.875,1
1386685,2025-10-25,ELC,2025,Bristol City,Birmingham,3,0.5065,0.0,1,4,0.1,1.4545,0
1386683,2025-10-25,ELC,2025,Millwall,Leicester,5,0.4107,0.8182,0,3,0.0,0.5455,0
1386688,2025-10-25,ELC,2025,Hull City,Charlton,3,0.7778,0.5455,0,4,0.0,1.1818,1
1386690,2025-10-25,ELC,2025,Blackburn,Southampton,4,0.5397,1.1,0,6,0.0,1.7273,0
1386691,2025-10-25,ELC,2025,Derby,QPR,3,0.1,0.6364,1,2,0.0,0.8182,0
1386689,2025-10-25,ELC,2025,Middlesbrough,Wrexham,3,0.3818,0.8182,0,2,0.3,0.5455,0
1386692,2025-10-25,ELC,2025,Sheffield Wednesday,Oxford United,2,0.0,1.0909,0,3,0.2,1.0909,0
1386693,2025-10-25,ELC,2025,Swansea,Norwich,2,0.1,0.0,0,3,0.0,0.5455,0
1379056,2025-10-25,PL,2025,Manchester United,Brighton,3,0.2,0.75,0,1,0.1667,0.0,0
1379052,2025-10-25,PL,2025,Brentford,Liverpool,1,0.0,0.625,0,3,0.2857,0.75,0
1379051,2025-10-26,PL,2025,Bournemouth,Nottingham Forest,4,0.1429,1.25,0,3,0.2857,0.625,1
1379058,2025-10-26,PL,2025,Wolves,Burnley,5,0.0,2.25,0,4,0.3929,1.375,0
1379049,2025-10-26,PL,2025,Arsenal,Crystal Palace,2,0.0,0.0,0,1,0.0,0.0,0
1379050,2025-10-26,PL,2025,Aston Villa,Manchester City,3,0.0,0.75,0,4,0.0,0.625,0
1379054,2025-10-26,PL,2025,Everton,Tottenham,0,0.0,0.0,0,4,1.1,0.875,1
1386706,2025-10-31,ELC,2025,Wrexham,Coventry,3,0.1944,0.5,1,4,0.6,3.0,2
1386705,2025-11-01,ELC,2025,Leicester,Blackburn,3,0.1111,1.5,1,4,0.7397,0.6364,0
1386696,2025-11-01,ELC,2025,West Brom,Sheffield Wednesday,3,0.1,0.8333,0,2,0.1111,0.3333,0
1386703,2025-11-01,ELC,2025,Norwich,Hull City,5,0.0,2.1667,2,3,0.7778,0.0,0
1379062,2025-11-01,PL,2025,Fulham,Wolves,2,0.125,0.5556,1,2,0.0,0.0,0
1379060,2025-11-01,PL,2025,Burnley,Arsenal,2,0.2857,0.6667,0,0,0.0,0.0,0
1379059,2025-11-01,PL,2025,Brighton,Leeds,2,0.1667,0.5556,0,3,0.125,1.4444,0
1379061,2025-11-01,PL,2025,Crystal Palace,Brentford,1,0.0,0.0,0,1,0.0,0.5556,0
1379065,2025-11-01,PL,2025,Nottingham Forest,Manchester United,3,0.2857,0.5556,0,2,0.0,0.6667,0
1386700,2025-11-01,ELC,2025,Watford,Middlesbrough,4,0.2222,1.25,0,2,0.4222,0.0,0
1386695,2025-11-01,ELC,2025,Southampton,Preston,5,0.0,1.5,0,4,0.3333,1.0,0
1386702,2025-11-01,ELC,2025,Birmingham,Portsmouth,4,0.0,1.3333,0,6,0.5119,2.0,1
1386701,2025-11-01,ELC,2025,Sheffield Utd,Derby,3,0.1111,0.0,0,3,0.225,0.0,1
1386698,2025-11-01,ELC,2025,QPR,Ipswich,3,0.0,1.3333,0,5,1.0,1.5455,0
1386699,2025-11-01,ELC,2025,Stoke City,Bristol City,2,0.0,0.0,0,3,0.4636,0.0,0
1386697,2025-11-01,ELC,2025,Charlton,Swansea,3,0.1667,1.3333,0,3,0.75,0.0,1
1386704,2025-11-01,ELC,2025,Oxford United,Millwall,3,0.1429,1.25,0,4,0.4107,0.75,0
1379067,2025-11-01,PL,2025,Tottenham,Chelsea,3,0.6,0.7778,0,2,0.25,0.4444,0
1379063,2025-11-01,PL,2025,Liverpool,Aston Villa,3,0.0,1.6667,1,2,0.0,0.6667,0
1379068,2025-11-02,PL,2025,West Ham,Newcastle,5,0.0,1.1111,1,2,0.0,1.4444,1
1379064,2025-11-02,PL,2025,Manchester City,Bournemouth,2,0.1111,0.0,0,1,0.1429,0.0,0
1379066,2025-11-03,PL,2025,Sunderland,Everton,2,0.1667,0.7778,0,1,0.1429,0.0,0
1386707,2025-11-04,ELC,2025,Leicester,Middlesbrough,3,0.0,0.4615,1,1,0.0,0.6923,0
1386710,2025-11-04,ELC,2025,Birmingham,Millwall,3,0.2,1.2308,0,6,0.6964,2.0,0
1386711,2025-11-04,ELC,2025,Bristol City,Blackburn,2,0.25,1.0,1,2,0.4286,0.5833,0
1386714,2025-11-04,ELC,2025,Ipswich,Watford,5,1.0,2.4167,0,5,0.5972,1.3846,1
1386712,2025-11-04,ELC,2025,Derby,Hull City,3,0.1,0.0,0,3,0.7778,0.0,0
1386713,2025-11-04,ELC,2025,Charlton,West Brom,4,0.2667,0.5385,1,4,0.2,1.5385,1
1386708,2025-11-04,ELC,2025,Oxford United,Stoke City,4,0.1429,1.3846,0,3,0.0,0.8462,0
1386709,2025-11-04,ELC,2025,Coventry,Sheffield Utd,1,0.2,0.0,0,3,0.1111,0.0,0
1386718,2025-11-05,ELC,2025,Preston,Swansea,3,0.3333,0.9231,0,4,1.0227,0.0,1
1386716,2025-11-05,ELC,2025,QPR,Southampton,3,0.525,0.6154,0,6,0.1429,1.6154,0
1386715,2025-11-05,ELC,2025,Sheffield Wednesday,Norwich,2,0.1111,0.3077,0,5,0.0,2.0,0
1386717,2025-11-05,ELC,2025,Portsmouth,Wrexham,5,0.8052,1.0,1,3,0.1944,0.4615,0
1386725,2025-11-07,ELC,2025,Watford,Bristol City,4,0.0,1.4286,0,3,0.5833,0.9286,1
1379077,2025-11-08,PL,2025,Tottenham,Manchester United,3,0.425,0.0,0,4,0.3333,1.3,0
1386721,2025-11-08,ELC,2025,Millwall,Preston,5,0.6964,1.3571,1,6,1.2694,0.8571,2
1386727,2025-11-08,ELC,2025,Hull City,Portsmouth,3,0.7778,0.0,1,5,0.8052,0.4286,0
1386724,2025-11-08,ELC,2025,Blackburn,Derby,5,0.4286,2.0769,1,3,0.1,0.0,0
1379073,2025-11-08,PL,2025,Everton,Fulham,2,0.1429,1.0,0,1,0.0,0.0,0
1379078,2025-11-08,PL,2025,West Ham,Burnley,2,0.0,0.0,0,3,0.2857,1.2,0
1386730,2025-11-08,ELC,2025,Southampton,Sheffield Wednesday,3,0.0,0.5714,0,1,0.2,0.0,0
1386729,2025-11-08,ELC,2025,West Brom,Oxford United,5,0.2338,1.4286,0,3,0.1429,1.2857,0
1386719,2025-11-08,ELC,2025,Sheffield Utd,QPR,5,0.1111,0.7143,0,4,0.125,2.0714,1
1386726,2025-11-08,ELC,2025,Middlesbrough,Birmingham,2,0.1667,1.0,1,2,0.0,1.1429,0
1386720,2025-11-08,ELC,2025,Norwich,Leicester,2,0.0,0.7143,0,4,0.0,1.9286,1
1386723,2025-11-08,ELC,2025,Stoke City,Coventry,1,0.0,0.0,0,0,0.0,0.0,0
1386728,2025-11-08,ELC,2025,Swansea,Ipswich,3,0.4156,0.0,1,5,0.6,1.2308,0
1386722,2025-11-08,ELC,2025,Wrexham,Charlton,3,0.65,0.0,0,4,0.1,0.5,1
1379076,2025-11-08,PL,2025,Sunderland,Arsenal,2,0.1667,0.7,0,1,0.4,0.0,0
1379071,2025-11-08,PL,2025,Chelsea,Wolves,3,0.3929,0.4,0,3,0.125,0.6,0
1379072,2025-11-09,PL,2025,Crystal Palace,Brighton,2,0.0,1.0,1,1,0.1667,0.0,0
1379070,2025-11-09,PL,2025,Brentford,Newcastle,1,0.0,0.5,0,2,0.0,0.6,0
1379075,2025-11-09,PL,2025,Nottingham Forest,Leeds,3,0.4524,0.5,0,2,0.1429,0.8,0
1379069,2025-11-09,PL,2025,Aston Villa,Bournemouth,1,0.0,0.6,0,3,0.0,1.3,0
1379074,2025-11-09,PL,2025,Manchester City,Liverpool,1,0.1111,0.0,0,3,0.3333,1.5,0
1386742,2025-11-21,ELC,2025,Preston,Blackburn,4,0.4444,0.8,0,4,0.4286,1.4286,2
1379082,2025-11-22,PL,2025,Burnley,Chelsea,3,0.2857,1.0909,0,4,0.5,0.9091,0
1386740,2025-11-22,ELC,2025,Bristol City,Swansea,2,0.25,0.8667,0,5,0.8205,1.0,0
1386732,2025-11-22,ELC,2025,Charlton,Southampton,4,0.3222,0.4667,0,3,0.0,0.5333,1
1386737,2025-11-22,ELC,2025,Coventry,West Brom,2,1.3297,0.0,0,2,0.1429,0.8,0
1379080,2025-11-22,PL,2025,Bournemouth,West Ham,2,0.5455,0.4545,1,4,0.2727,0.0,2
1379083,2025-11-22,PL,2025,Fulham,Sunderland,1,0.1111,0.0,0,2,0.1667,0.6364,0
1379088,2025-11-22,PL,2025,Wolves,Crystal Palace,4,0.0,1.3636,0,0,0.0,0.0,0
1379085,2025-11-22,PL,2025,Liverpool,Nottingham Forest,3,0.375,0.6364,0,3,0.4524,0.4545,0
1379081,2025-11-22,PL,2025,Brighton,Brentford,2,0.1667,1.0,1,1,0.0,0.4545,0
1386736,2025-11-22,ELC,2025,Leicester,Stoke City,4,0.1818,1.5333,0,2,0.3636,0.0,0
1386739,2025-11-22,ELC,2025,Birmingham,Norwich,3,0.2143,1.0667,0,3,0.0,0.7333,0
1386731,2025-11-22,ELC,2025,Ipswich,Wrexham,6,1.4167,1.2857,0,4,0.7167,0.0,1
1386735,2025-11-22,ELC,2025,Derby,Watford,3,0.1111,0.0,0,4,0.2,1.5333,1
1386734,2025-11-22,ELC,2025,QPR,Hull City,4,0.125,2.0,1,3,0.7778,0.0,0
1386738,2025-11-22,ELC,2025,Oxford United,Middlesbrough,4,0.2679,1.1333,1,1,0.0,0.6667,0
1386741,2025-11-22,ELC,2025,Portsmouth,Millwall,6,0.3766,0.6,0,6,0.9187,2.2667,2
1379087,2025-11-22,PL,2025,Newcastle,Manchester City,4,0.0,2.4545,0,1,0.1111,0.0,0
1386733,2025-11-23,ELC,2025,Sheffield Wednesday,Sheffield Utd,1,0.1,0.0,0,4,0.1111,0.6667,0
1379084,2025-11-23,PL,2025,Leeds,Aston Villa,1,0.1429,0.0,0,2,0.1667,0.5455,0
1379079,2025-11-23,PL,2025,Arsenal,Tottenham,2,0.4,1.0,1,3,0.3333,0.9091,0
1379086,2025-11-24,PL,2025,Manchester United,Everton,3,0.125,0.5455,1,2,0.1429,0.9091,1
1386747,2025-11-25,ELC,2025,Watford,Preston,3,0.2,1.5333,0,6,0.6752,0.8,1
1386746,2025-11-25,ELC,2025,Hull City,Ipswich,3,0.7778,0.9333,0,4,0.5455,0.6667,0
1386748,2025-11-25,ELC,2025,Middlesbrough,Coventry,3,0.1667,1.4667,0,2,0.8654,0.0,0
1386754,2025-11-25,ELC,2025,Norwich,Oxford United,3,0.0,0.7333,0,6,0.9821,0.6667,0
1386745,2025-11-25,ELC,2025,Stoke City,Charlton,3,0.7208,0.8667,0,3,0.2429,0.0,1
1386749,2025-11-25,ELC,2025,Swansea,Derby,3,0.1538,0.0,0,4,0.7361,1.0,1
1386750,2025-11-25,ELC,2025,Southampton,Leicester,3,0.0,0.6,0,6,0.1818,3.0,1
1386744,2025-11-26,ELC,2025,Millwall,Sheffield Wednesday,5,0.125,1.8667,0,2,0.1818,1.0667,1
1386743,2025-11-26,ELC,2025,Sheffield Utd,Portsmouth,5,0.4683,0.6667,1,5,0.2159,0.6,0
1386752,2025-11-26,ELC,2025,Blackburn,QPR,3,0.0,1.3333,0,5,0.4583,2.0,0
1386753,2025-11-26,ELC,2025,Wrexham,Bristol City,4,0.7045,0.0,0,2,0.375,0.8667,0
1386751,2025-11-26,ELC,2025,West Brom,Birmingham,2,0.1429,0.0,0,1,0.0,0.5333,0
1386761,2025-11-28,ELC,2025,Oxford United,Ipswich,5,0.9821,0.6667,0,3,0.0,1.2667,0
1386760,2025-11-29,ELC,2025,Leicester,Sheffield Utd,4,0.1818,0.9333,0,3,0.0,1.2,0
1386763,2025-11-29,ELC,2025,Stoke City,Hull City,3,0.7208,1.1333,0,5,1.0085,1.0667,0
1386757,2025-11-29,ELC,2025,Portsmouth,Bristol City,4,0.0909,0.6,0,1,0.0,0.8667,0
1379094,2025-11-29,PL,2025,Manchester City,Leeds,0,0.0,0.0,0,6,0.704,1.0,1
1379090,2025-11-29,PL,2025,Brentford,Burnley,2,0.0,0.4167,0,4,0.5833,1.0,0
1379096,2025-11-29,PL,2025,Sunderland,Bournemouth,1,0.0,1.0,0,2,0.0,0.4167,0
1386759,2025-11-29,ELC,2025,Millwall,Southampton,6,0.4159,1.2667,2,2,0.2222,0.0,0
1386765,2025-11-29,ELC,2025,West Brom,Swansea,1,0.0,0.8,0,1,0.2308,0.0,0
1386764,2025-11-29,ELC,2025,Middlesbrough,Derby,3,0.0,1.6,1,3,0.7361,0.0,0
1386755,2025-11-29,ELC,2025,Norwich,QPR,3,0.5,0.7333,0,4,0.4583,1.3333,0
1386766,2025-11-29,ELC,2025,Sheffield Wednesday,Preston,2,0.0,2.2667,0,4,0.4444,0.8,0
1386762,2025-11-29,ELC,2025,Coventry,Charlton,3,1.5897,0.0,0,3,0.2667,0.0,0
1386758,2025-11-29,ELC,2025,Wrexham,Blackburn,3,0.5212,0.0,0,3,0.4286,0.8667,1
1379093,2025-11-29,PL,2025,Everton,Newcastle,2,0.3247,0.0,0,6,0.25,2.3333,1
1379097,2025-11-29,PL,2025,Tottenham,Fulham,5,0.4444,0.75,0,1,0.1111,0.0,1
1379092,2025-11-30,PL,2025,Crystal Palace,Manchester United,0,0.0,0.0,0,3,0.125,0.5,0
1379098,2025-11-30,PL,2025,West Ham,Liverpool,4,0.0,1.0,0,2,0.7083,0.0,1
1379095,2025-11-30,PL,2025,Nottingham Forest,Brighton,3,0.4524,0.75,0,1,0.0,0.0,0
1379089,2025-11-30,PL,2025,Aston Villa,Wolves,3,0.2576,0.5,0,4,0.1111,2.0,0
1379091,2025-11-30,PL,2025,Chelsea,Arsenal,2,0.2,0.3333,0,4,0.775,1.75,0
1386756,2025-12-01,ELC,2025,Birmingham,Watford,2,0.0,1.6667,0,4,0.4222,1.4667,0
1379100,2025-12-02,PL,2025,Bournemouth,Everton,5,0.35,1.3846,0,3,0.3247,1.0,0
1379103,2025-12-02,PL,2025,Fulham,Manchester City,1,0.0,0.0,0,0,0.0,0.0,0
1386620,2025-12-02,ELC,2025,Blackburn,Ipswich,3,0.0,1.3333,0,7,0.8571,2.0667,0
1379107,2025-12-02,PL,2025,Newcastle,Tottenham,4,0.25,2.1538,0,4,0.7917,1.0,0
1379108,2025-12-03,PL,2025,Wolves,Nottingham Forest,3,0.1111,1.3077,0,3,0.4524,0.6923,1
1379099,2025-12-03,PL,2025,Arsenal,Brentford,7,1.5194,2.5385,0,5,0.9371,1.3846,1
1379102,2025-12-03,PL,2025,Burnley,Crystal Palace,2,0.25,0.5385,0,1,0.2727,0.0,0
1379101,2025-12-03,PL,2025,Brighton,Aston Villa,3,0.7909,0.0,1,4,0.0,2.2308,0
1379105,2025-12-03,PL,2025,Liverpool,Sunderland,3,0.7083,0.8462,0,1,0.4,0.0,1
1379104,2025-12-03,PL,2025,Leeds,Chelsea,3,0.4611,0.0,0,5,0.6915,0.9231,0
1379106,2025-12-04,PL,2025,Manchester United,West Ham,3,0.0,1.6923,1,4,0.25,0.9231,0
1386772,2025-12-05,ELC,2025,Hull City,Middlesbrough,2,0.6667,1.0667,0,4,0.0,1.6,1
1379109,2025-12-06,PL,2025,Aston Villa,Arsenal,2,0.0,1.2857,0,4,0.775,1.5,0
1386771,2025-12-06,ELC,2025,Watford,Norwich,4,0.2,1.4667,1,4,0.5,1.6,1
1386774,2025-12-06,ELC,2025,Derby,Leicester,3,0.625,0.0,0,3,0.1429,0.6,0
1379116,2025-12-06,PL,2025,Newcastle,Burnley,6,0.2222,2.0,0,3,0.4327,1.0,2
1379110,2025-12-06,PL,2025,Bournemouth,Chelsea,2,0.1429,0.0,0,4,0.7251,0.3571,0
1379112,2025-12-06,PL,2025,Everton,Nottingham Forest,2,0.3247,0.0,0,2,0.2857,0.6429,0
1379117,2025-12-06,PL,2025,Tottenham,Brentford,3,0.5952,0.0,0,0,0.0,0.0,0
1379115,2025-12-06,PL,2025,Manchester City,Sunderland,1,0.1818,0.0,0,2,0.25,0.7857,0
1386769,2025-12-06,ELC,2025,Southampton,Birmingham,1,0.0,0.0,0,0,0.0,0.0,0
1386778,2025-12-06,ELC,2025,Bristol City,Millwall,2,0.0667,0.8667,0,4,0.2909,0.6667,0
1386770,2025-12-06,ELC,2025,Ipswich,Coventry,2,0.0,0.6667,0,4,2.0564,0.0,0
1386777,2025-12-06,ELC,2025,Preston,Wrexham,4,0.4286,0.8,0,5,0.7622,0.0,0
1386776,2025-12-06,ELC,2025,Sheffield Utd,Stoke City,4,0.2778,1.4667,0,3,0.3636,1.6667,0
1386775,2025-12-06,ELC,2025,QPR,West Brom,2,0.0,1.4667,0,4,0.4028,2.4,1
1386767,2025-12-06,ELC,2025,Swansea,Oxford United,2,0.0,1.1333,0,4,1.1071,0.0,0
1379114,2025-12-06,PL,2025,Leeds,Liverpool,2,0.2111,0.0,0,2,0.3333,0.0,0
1379111,2025-12-07,PL,2025,Brighton,West Ham,1,0.0909,0.0,0,1,0.3333,0.0,0
1379113,2025-12-07,PL,2025,Fulham,Crystal Palace,3,0.1,0.9286,0,2,0.487,0.0,2
1379118,2025-12-08,PL,2025,Wolves,Manchester United,3,0.1111,0.5714,0,3,0.0,1.5714,0
1386783,2025-12-09,ELC,2025,Watford,Sheffield Wednesday,4,0.2,2.0,0,3,0.1111,2.0667,0
1386784,2025-12-09,ELC,2025,Southampton,West Brom,2,0.0,0.7333,0,4,0.2167,2.0667,0
1386779,2025-12-09,ELC,2025,Preston,Coventry,2,0.2143,0.8,0,4,1.3476,1.2,0
1386780,2025-12-09,ELC,2025,Sheffield Utd,Norwich,8,0.5704,2.1333,2,3,0.0,2.1333,0
1386782,2025-12-09,ELC,2025,Blackburn,Oxford United,4,0.0667,1.3333,0,6,0.8611,1.7333,0
1386786,2025-12-09,ELC,2025,Swansea,Portsmouth,3,0.5833,1.1333,0,7,0.5144,2.4667,0
1386785,2025-12-09,ELC,2025,Charlton,Middlesbrough,3,0.1,0.0,0,4,0.2857,0.9333,0
1386781,2025-12-09,ELC,2025,QPR,Birmingham,1,0.0,0.7333,0,2,0.0,1.0667,0
1386790,2025-12-10,ELC,2025,Bristol City,Leicester,1,0.0,0.0,1,4,0.1429,1.2667,0
1386787,2025-12-10,ELC,2025,Ipswich,Stoke City,2,0.4,0.0,0,4,0.2941,0.7333,0
1386789,2025-12-10,ELC,2025,Derby,Millwall,3,0.6964,0.0,0,5,0.0,1.3333,0
1386788,2025-12-10,ELC,2025,Hull City,Wrexham,4,1.2549,1.0667,0,4,0.7622,0.0,0
1386801,2025-12-12,ELC,2025,West Brom,Sheffield Utd,4,0.1637,2.2,0,5,0.4211,1.4,0
1386791,2025-12-13,ELC,2025,Norwich,Southampton,4,0.3,1.6667,0,3,0.0,0.4667,0
1386799,2025-12-13,ELC,2025,Stoke City,Swansea,3,0.3125,1.0,0,1,0.0,1.1333,0
1386795,2025-12-13,ELC,2025,Oxford United,Preston,4,0.3611,1.7333,1,2,0.0,1.4,0
1379124,2025-12-13,PL,2025,Liverpool,Brighton,2,0.641,0.0,0,2,0.7273,0.0,0
1379122,2025-12-13,PL,2025,Chelsea,Everton,3,0.4394,0.0,0,0,0.0,0.0,0
1386796,2025-12-13,ELC,2025,Leicester,Ipswich,3,0.1429,0.6,0,1,0.2,0.0,0
1386792,2025-12-13,ELC,2025,Birmingham,Charlton,1,0.0,0.8,0,4,0.1,0.3333,1
1386797,2025-12-13,ELC,2025,Millwall,Hull City,4,0.0,0.6667,0,2,0.5882,1.0667,0
1386800,2025-12-13,ELC,2025,Middlesbrough,QPR,2,0.1111,0.0,0,2,0.1111,0.8,0
1386794,2025-12-13,ELC,2025,Coventry,Bristol City,1,0.6667,0.0,0,3,0.3158,2.3333,0
1386793,2025-12-13,ELC,2025,Portsmouth,Blackburn,6,0.1838,2.4667,0,5,0.0667,1.3333,0
1386798,2025-12-13,ELC,2025,Wrexham,Watford,3,0.0,0.5333,0,3,0.2,2.1333,0
1379121,2025-12-13,PL,2025,Burnley,Fulham,3,0.4327,1.0,0,3,0.1,0.8667,1
1379119,2025-12-13,PL,2025,Arsenal,Wolves,3,0.375,1.7333,0,4,0.2222,0.5333,0
1379128,2025-12-14,PL,2025,West Ham,Aston Villa,2,0.3333,0.8667,0,3,0.0,2.2667,1
1379123,2025-12-14,PL,2025,Crystal Palace,Manchester City,1,0.2143,0.0,0,1,0.0909,0.0,0
1379126,2025-12-14,PL,2025,Nottingham Forest,Tottenham,4,0.3571,1.5333,1,3,0.5952,0.0,0
1379127,2025-12-14,PL,2025,Sunderland,Newcastle,2,0.3636,0.9333,0,4,0.2222,1.3333,0
1379120,2025-12-14,PL,2025,Brentford,Leeds,4,0.2976,0.4667,0,2,0.2111,0.0,0
1379125,2025-12-15,PL,2025,Manchester United,Bournemouth,2,0.0,0.8667,0,2,0.0714,0.0,0
1386802,2025-12-15,ELC,2025,Sheffield Wednesday,Derby,3,0.0,2.0667,0,3,0.7631,0.0,0
1386803,2025-12-19,ELC,2025,Swansea,Wrexham,2,0.0769,1.1333,0,3,0.2143,0.5333,0
1379136,2025-12-20,PL,2025,Newcastle,Chelsea,5,0.0,3.0667,0,1,0.2667,0.0,0
1386806,2025-12-20,ELC,2025,Southampton,Coventry,3,0.0,1.0,0,4,0.9333,2.7333,1
1386813,2025-12-20,ELC,2025,Preston,Norwich,2,0.5556,0.6,0,3,0.3,0.8667,0
1386809,2025-12-20,ELC,2025,Blackburn,Millwall,4,0.1167,0.8667,1,4,0.5455,0.4667,0
1379130,2025-12-20,PL,2025,Bournemouth,Burnley,2,0.2048,0.0,0,5,0.3068,2.0667,1
1379138,2025-12-20,PL,2025,Wolves,Brentford,7,0.2222,2.8667,0,4,0.4048,0.4667,0
1379135,2025-12-20,PL,2025,Manchester City,West Ham,1,0.0909,0.0,0,4,0.3333,2.3333,0
1379131,2025-12-20,PL,2025,Brighton,Sunderland,5,0.8182,2.0667,1,4,0.4747,0.8,0
1386807,2025-12-20,ELC,2025,Watford,Stoke City,3,0.4394,1.0667,0,4,0.4125,1.2667,0
1386814,2025-12-20,ELC,2025,Bristol City,Middlesbrough,4,0.2308,3.1333,1,3,0.1111,0.0,0
1386805,2025-12-20,ELC,2025,Ipswich,Sheffield Wednesday,1,0.0,0.0,0,3,0.1,0.9333,0
1386812,2025-12-20,ELC,2025,Sheffield Utd,Birmingham,6,0.5429,1.6,0,4,0.4429,1.9333,0
1386808,2025-12-20,ELC,2025,Hull City,West Brom,3,0.5882,0.6,0,5,0.2407,2.2,0
1386810,2025-12-20,ELC,2025,Derby,Portsmouth,2,0.6964,0.0,0,7,0.4241,2.0,0
1386811,2025-12-20,ELC,2025,QPR,Leicester,3,0.1111,1.7333,0,3,0.1429,0.6,0
1386804,2025-12-20,ELC,2025,Charlton,Oxford United,3,0.1,0.0,0,5,0.6736,1.7333,0
1379137,2025-12-20,PL,2025,Tottenham,Liverpool,2,0.7667,0.0,0,2,0.641,0.0,0
1379132,2025-12-20,PL,2025,Everton,Arsenal,3,0.6833,0.0,1,3,0.7386,0.7333,0
1379134,2025-12-20,PL,2025,Leeds,Crystal Palace,1,0.1,0.0,0,3,0.4643,0.0,0
1379129,2025-12-21,PL,2025,Aston Villa,Manchester United,2,0.0,1.4667,0,4,0.8036,0.8667,0
1379133,2025-12-22,PL,2025,Fulham,Nottingham Forest,4,0.125,1.8667,0,4,0.2532,1.5333,0
1386815,2025-12-26,ELC,2025,Birmingham,Derby,3,0.0,2.2667,0,3,0.6964,1.3333,0
1386820,2025-12-26,ELC,2025,Millwall,Ipswich,4,0.6169,0.8,0,3,0.5348,0.0,0
1386821,2025-12-26,ELC,2025,Leicester,Watford,3,0.1429,1.4667,0,3,0.4394,1.0667,0
1386825,2025-12-26,ELC,2025,West Brom,Bristol City,3,0.1637,1.2,0,3,0.2308,2.4,0
1386824,2025-12-26,ELC,2025,Middlesbrough,Blackburn,3,0.1111,0.0,1,4,0.5167,0.8667,0
1386816,2025-12-26,ELC,2025,Norwich,Charlton,3,0.3,0.8667,1,3,0.2,1.1333,1
1386826,2025-12-26,ELC,2025,Sheffield Wednesday,Hull City,4,0.1,2.2667,1,3,0.9412,0.6,0
1386823,2025-12-26,ELC,2025,Stoke City,Preston,1,0.0,1.2667,0,3,0.4542,0.6,0
1386822,2025-12-26,ELC,2025,Oxford United,Southampton,4,0.5625,0.9333,0,1,0.0,0.6,0
1386819,2025-12-26,ELC,2025,Coventry,Swansea,4,1.1667,2.7333,0,1,0.0,1.1333,0
1386817,2025-12-26,ELC,2025,Portsmouth,QPR,7,0.3472,1.9333,1,1,0.0,0.9333,0
1386818,2025-12-26,ELC,2025,Wrexham,Sheffield Utd,3,0.0526,0.5333,0,5,0.5429,1.6,0
1379145,2025-12-26,PL,2025,Manchester United,Newcastle,5,0.812,1.6,1,5,0.0,3.0667,0
1379146,2025-12-27,PL,2025,Nottingham Forest,Manchester City,4,0.2532,1.5333,0,1,0.0909,0.0,0
1379144,2025-12-27,PL,2025,Liverpool,Wolves,3,0.7587,0.0,1,5,0.0714,2.3333,1
1379139,2025-12-27,PL,2025,Arsenal,Brighton,4,0.3636,2.8,1,4,0.6952,0.8667,0
1379141,2025-12-27,PL,2025,Burnley,Everton,6,0.5925,2.0667,2,5,0.9167,0.0,0
1379148,2025-12-27,PL,2025,West Ham,Fulham,3,0.0,2.3333,0,4,0.125,1.8667,0
1379140,2025-12-27,PL,2025,Brentford,Bournemouth,4,0.4048,1.1333,0,3,0.4122,0.0,0
1379142,2025-12-27,PL,2025,Chelsea,Aston Villa,2,0.0,1.2,0,4,0.4,1.4667,0
1379147,2025-12-28,PL,2025,Sunderland,Leeds,5,0.4747,1.6,1,1,0.1,0.0,0
1379143,2025-12-28,PL,2025,Crystal Palace,Tottenham,4,0.4643,1.1333,0,3,0.2778,0.8667,0
1386832,2025-12-29,ELC,2025,Coventry,Ipswich,3,0.6667,2.7333,1,3,0.8235,1.4667,0
1386834,2025-12-29,ELC,2025,Leicester,Derby,3,0.0,2.3333,0,3,0.827,0.0,0
1386833,2025-12-29,ELC,2025,Millwall,Bristol City,3,0.6169,0.0,0,5,0.5808,2.4,0
1386828,2025-12-29,ELC,2025,West Brom,QPR,3,0.2273,2.2667,0,6,0.557,4.0,0
1386830,2025-12-29,ELC,2025,Middlesbrough,Hull City,3,0.1111,1.4667,0,3,0.5882,0.6,1
1386838,2025-12-29,ELC,2025,Norwich,Watford,3,0.6667,0.8667,1,3,0.4394,1.0667,0
1386827,2025-12-29,ELC,2025,Sheffield Wednesday,Blackburn,5,0.1455,2.2667,1,4,0.5833,0.0,1
1386829,2025-12-29,ELC,2025,Stoke City,Sheffield Utd,4,0.1465,2.4,2,4,0.1579,2.3333,0
1386831,2025-12-29,ELC,2025,Oxford United,Swansea,4,0.5625,0.9333,0,3,0.2719,1.1333,0
1386836,2025-12-29,ELC,2025,Portsmouth,Charlton,6,0.2749,1.9333,0,5,0.3939,2.1333,1
1386835,2025-12-29,ELC,2025,Wrexham,Preston,3,0.0526,0.5333,0,2,0.2667,1.4667,1
1386837,2025-12-29,ELC,2025,Birmingham,Southampton,5,0.5108,2.6667,1,1,0.2143,0.0,0
1379151,2025-12-30,PL,2025,Burnley,Newcastle,4,0.5786,1.0,0,4,0.6485,1.7333,1
1379158,2025-12-30,PL,2025,West Ham,Brighton,4,0.0,2.3333,0,3,0.0714,0.8667,0
1379152,2025-12-30,PL,2025,Chelsea,Bournemouth,4,0.6471,2.0,0,2,0.1333,1.0,0
1379156,2025-12-30,PL,2025,Nottingham Forest,Everton,5,0.2532,2.2667,0,5,0.8167,1.1333,2
1379155,2025-12-30,PL,2025,Manchester United,Wolves,5,0.812,1.6,0,6,0.0714,2.9333,0
1379149,2025-12-30,PL,2025,Arsenal,Aston Villa,3,0.3636,2.2,0,4,0.1222,1.8667,1
1386845,2026-01-01,ELC,2025,Blackburn,Wrexham,4,0.5833,0.0,0,5,1.3459,1.6,1
1386843,2026-01-01,ELC,2025,Watford,Birmingham,4,0.4394,2.3333,0,5,0.8586,1.5333,0
1386848,2026-01-01,ELC,2025,Southampton,Millwall,4,1.0467,0.0,1,3,0.2738,0.0,0
1386839,2026-01-01,ELC,2025,Bristol City,Portsmouth,3,0.2308,2.8667,0,6,0.1637,1.2667,0
1386849,2026-01-01,ELC,2025,Ipswich,Oxford United,2,0.3529,0.0,0,3,0.5152,0.0,0
1386842,2026-01-01,ELC,2025,Preston,Sheffield Wednesday,5,0.9481,0.6667,0,5,0.2176,2.2667,0
1386844,2026-01-01,ELC,2025,Hull City,Stoke City,4,0.5882,0.6,0,7,0.6068,4.0,1
1386847,2026-01-01,ELC,2025,Derby,Middlesbrough,2,0.6776,0.0,0,3,0.3,1.4667,0
1386846,2026-01-01,ELC,2025,QPR,Norwich,3,0.2971,0.0,0,4,0.6667,2.4,0
1386840,2026-01-01,ELC,2025,Swansea,West Brom,3,0.6917,1.5333,0,3,0.2273,2.2667,0
1386850,2026-01-01,ELC,2025,Charlton,Coventry,5,0.3939,2.1333,0,5,1.6037,1.4,0
1379154,2026-01-01,PL,2025,Liverpool,Leeds,4,0.641,1.0,0,5,0.9333,1.2,1
1379153,2026-01-01,PL,2025,Crystal Palace,Fulham,4,0.4643,1.1333,0,4,0.125,1.8667,0
1386841,2026-01-01,ELC,2025,Sheffield Utd,Leicester,4,0.4357,1.6,0,3,0.2353,1.4667,1
1379150,2026-01-01,PL,2025,Brentford,Tottenham,3,0.3333,1.1333,0,3,0.2222,0.0,0
1379157,2026-01-01,PL,2025,Sunderland,Manchester City,5,0.4747,1.6,0,3,0.3766,0.9333,0
1379159,2026-01-03,PL,2025,Aston Villa,Nottingham Forest,3,0.1818,1.5333,0,5,0.2532,2.2667,0
1379168,2026-01-03,PL,2025,Wolves,West Ham,4,0.0714,1.6,0,4,0.2353,2.6667,0
1379161,2026-01-03,PL,2025,Brighton,Burnley,4,0.7222,0.8667,1,5,0.2222,2.6667,0
1379160,2026-01-03,PL,2025,Bournemouth,Arsenal,2,0.1333,1.0,0,5,1.3848,1.0667,0
1386858,2026-01-04,ELC,2025,Birmingham,Coventry,3,0.2381,2.7333,1,2,0.8129,0.0,0
1386852,2026-01-04,ELC,2025,QPR,Sheffield Wednesday,2,0.1111,1.0,0,4,0.0435,1.3333,0
1379164,2026-01-04,PL,2025,Leeds,Manchester United,3,0.0588,1.2,0,4,0.812,0.8667,0
1379166,2026-01-04,PL,2025,Newcastle,Crystal Palace,2,0.4667,1.0,0,4,0.4643,1.1333,1
1379162,2026-01-04,PL,2025,Everton,Brentford,3,0.6833,0.0,0,3,0.3167,1.1333,0
1379167,2026-01-04,PL,2025,Tottenham,Sunderland,4,0.265,1.0,1,5,0.4747,1.6,0
1386859,2026-01-04,ELC,2025,Bristol City,Preston,4,0.5641,2.4667,0,4,0.6815,0.6667,0
1386862,2026-01-04,ELC,2025,Millwall,Swansea,2,0.0,0.0,0,3,0.0588,2.8,0
1386853,2026-01-04,ELC,2025,Blackburn,Charlton,4,0.6389,0.0,1,5,0.3939,2.1333,0
1386851,2026-01-04,ELC,2025,Derby,Wrexham,2,0.6875,0.0,0,3,0.4848,0.6,0
1386855,2026-01-04,ELC,2025,Middlesbrough,Southampton,3,0.0,3.0667,1,1,0.0,1.0,0
1386860,2026-01-04,ELC,2025,Norwich,Stoke City,3,0.1053,0.8667,0,5,0.2381,4.0,0
1379163,2026-01-04,PL,2025,Fulham,Liverpool,6,0.125,2.9333,0,1,0.6154,0.0,0
1379165,2026-01-04,PL,2025,Manchester City,Chelsea,2,0.1623,0.0,0,5,0.3143,3.0,1
1386861,2026-01-05,ELC,2025,Leicester,West Brom,4,0.1176,2.9333,0,1,0.0833,0.0,0
1379178,2026-01-06,PL,2025,West Ham,Nottingham Forest,5,0.1111,2.8667,1,3,0.2532,0.7333,0
1379170,2026-01-07,PL,2025,Bournemouth,Tottenham,3,0.3333,1.0,0,2,0.6437,0.0,0
1379175,2026-01-07,PL,2025,Fulham,Chelsea,5,0.1964,2.9333,0,4,0.5762,0.6,0
1379174,2026-01-07,PL,2025,Everton,Wolves,3,0.6833,0.0,1,4,0.0714,1.6,0
1379176,2026-01-07,PL,2025,Manchester City,Brighton,4,0.2,3.3333,1,4,0.7222,0.8667,1
1379173,2026-01-07,PL,2025,Crystal Palace,Aston Villa,4,0.4643,1.1333,0,2,0.1818,0.6667,0
1379171,2026-01-07,PL,2025,Brentford,Sunderland,4,0.3936,1.1333,0,3,0.4747,0.0,0
1379177,2026-01-07,PL,2025,Newcastle,Leeds,2,0.1667,1.0,0,2,0.1538,0.0,0
1379172,2026-01-07,PL,2025,Burnley,Manchester United,6,1.0028,2.4,0,4,0.5179,1.6667,0
1379169,2026-01-08,PL,2025,Arsenal,Liverpool,2,0.3636,1.0667,0,1,0.0,0.0,0
1386871,2026-01-16,ELC,2025,West Brom,Middlesbrough,3,0.1288,1.2667,0,3,0.0909,3.0667,0
1379184,2026-01-17,PL,2025,Manchester United,Manchester City,4,0.6136,1.3333,1,7,0.5792,4.4667,1
1386868,2026-01-17,ELC,2025,Watford,Millwall,3,0.4394,1.0667,0,1,0.0,1.0,0
1386872,2026-01-17,ELC,2025,Ipswich,Blackburn,0,0.0,0.0,0,7,0.6889,1.4667,1
1386865,2026-01-17,ELC,2025,Coventry,Leicester,4,0.9394,1.4667,1,1,0.0,1.4667,0
1379183,2026-01-17,PL,2025,Liverpool,Burnley,2,0.0,0.8,0,4,0.7361,1.7333,0
1379187,2026-01-17,PL,2025,Tottenham,West Ham,5,0.9168,1.0667,1,5,0.3333,2.1333,1
1379181,2026-01-17,PL,2025,Chelsea,Brentford,2,0.0,1.4667,0,3,0.3167,1.1333,0
1379182,2026-01-17,PL,2025,Leeds,Fulham,3,0.1667,1.8,0,3,0.125,2.0667,0
1379186,2026-01-17,PL,2025,Sunderland,Crystal Palace,3,0.4747,0.0,1,4,0.4643,1.3333,0
1386873,2026-01-17,ELC,2025,Southampton,Hull City,2,0.0,2.2667,1,3,0.5882,0.6,0
1386867,2026-01-17,ELC,2025,Preston,Derby,6,0.6815,4.0,1,3,0.1625,1.5333,0
1386870,2026-01-17,ELC,2025,Sheffield Wednesday,Portsmouth,4,0.2976,2.9333,2,4,0.1111,1.1333,1
1386874,2026-01-17,ELC,2025,Stoke City,QPR,5,0.2381,4.0,1,5,0.7623,1.0,0
1386869,2026-01-17,ELC,2025,Charlton,Sheffield Utd,5,0.3939,1.1333,1,4,0.519,0.8,0
1386863,2026-01-17,ELC,2025,Oxford United,Bristol City,3,0.2262,0.0,2,2,0.4659,0.0,1
1386864,2026-01-17,ELC,2025,Wrexham,Norwich,4,0.6067,0.6,0,5,0.4096,1.6,1
1379185,2026-01-17,PL,2025,Nottingham Forest,Arsenal,3,0.1964,0.7333,0,5,1.0303,1.7333,0
1386866,2026-01-17,ELC,2025,Swansea,Birmingham,2,0.0588,1.2,0,3,0.5714,1.2,0
1379188,2026-01-18,PL,2025,Wolves,Newcastle,3,0.1484,0.8,0,3,0.1667,1.6667,0
1379179,2026-01-18,PL,2025,Aston Villa,Everton,3,0.2406,0.9333,0,4,0.5167,1.2667,0
1379180,2026-01-19,PL,2025,Brighton,Bournemouth,5,0.3056,0.8667,0,4,0.8333,1.0,0
1386875,2026-01-20,ELC,2025,Ipswich,Bristol City,4,1.0213,0.0,1,2,0.4659,0.0,0
1386879,2026-01-20,ELC,2025,Preston,Hull City,5,0.4299,4.0,0,4,0.9382,0.6,0
1386876,2026-01-20,ELC,2025,West Brom,Norwich,4,0.4766,1.2667,0,2,0.3043,0.0,0
1386877,2026-01-20,ELC,2025,Sheffield Wednesday,Birmingham,5,0.381,2.9333,2,2,0.2381,1.2,0
1386878,2026-01-20,ELC,2025,Swansea,Blackburn,0,0.0,0.0,0,7,0.6889,1.4667,4
1386883,2026-01-20,ELC,2025,Charlton,Derby,4,0.7053,1.1333,1,4,0.2,4.7333,1
1386882,2026-01-20,ELC,2025,Oxford United,QPR,2,0.2429,0.0,0,5,0.7623,1.1333,1
1386880,2026-01-20,ELC,2025,Coventry,Millwall,3,0.5722,1.4667,0,2,0.0,0.7333,0
1386881,2026-01-20,ELC,2025,Wrexham,Leicester,5,0.823,0.6,0,2,0.0,2.6,0
1386885,2026-01-21,ELC,2025,Watford,Portsmouth,3,0.4394,1.0667,0,4,0.1111,1.1333,1
1386884,2026-01-21,ELC,2025,Southampton,Sheffield Utd,4,0.6601,2.8,0,5,0.1548,3.3333,1
1386886,2026-01-21,ELC,2025,Stoke City,Middlesbrough,5,0.25,4.0,0,3,0.1818,3.0667,0
1386889,2026-01-23,ELC,2025,Derby,West Brom,3,0.0909,3.4,0,4,0.0455,3.4667,1
1379198,2026-01-24,PL,2025,West Ham,Sunderland,4,0.2222,2.1333,0,3,0.1566,0.0,0
1386892,2026-01-24,ELC,2025,Millwall,Charlton,3,0.3056,1.0667,0,6,0.4576,1.7333,1
1386890,2026-01-24,ELC,2025,Middlesbrough,Preston,3,0.1429,3.0667,1,6,0.4505,4.0,0
1379195,2026-01-24,PL,2025,Fulham,Brighton,4,0.2095,2.0667,0,3,0.1806,0.8667,0
1379192,2026-01-24,PL,2025,Burnley,Tottenham,4,0.7361,1.0,0,5,0.9168,0.0,2
1379196,2026-01-24,PL,2025,Manchester City,Wolves,6,1.4211,2.2667,1,2,0.0714,0.8,0
1386893,2026-01-24,ELC,2025,Leicester,Oxford United,3,0.4469,1.5333,0,5,0.4986,1.8,1
1386896,2026-01-24,ELC,2025,Birmingham,Stoke City,2,0.2381,1.2,1,6,0.3214,5.8,0
1386898,2026-01-24,ELC,2025,Bristol City,Sheffield Wednesday,3,0.2857,0.0,1,5,0.131,2.9333,0
1386894,2026-01-24,ELC,2025,Sheffield Utd,Ipswich,4,0.7101,1.5333,0,3,0.6737,1.6667,0
1386891,2026-01-24,ELC,2025,Hull City,Swansea,3,0.2111,0.0,0,2,0.0556,0.0,0
1386887,2026-01-24,ELC,2025,Blackburn,Watford,6,0.5722,1.4667,0,4,0.75,1.4,0
1386888,2026-01-24,ELC,2025,QPR,Wrexham,4,0.6512,0.4667,0,4,0.5594,1.8,0
1379190,2026-01-24,PL,2025,Bournemouth,Liverpool,4,1.0,1.0,0,3,0.0,2.2667,0
1386895,2026-01-25,ELC,2025,Portsmouth,Southampton,3,0.0,2.0667,0,4,0.1818,2.8,1
1379197,2026-01-25,PL,2025,Newcastle,Aston Villa,4,0.9784,1.0,0,3,0.2017,0.9333,0
1379193,2026-01-25,PL,2025,Crystal Palace,Chelsea,3,0.1111,1.3333,0,3,0.4909,0.8667,0
1379191,2026-01-25,PL,2025,Brentford,Nottingham Forest,3,0.3167,1.1333,0,1,0.0,0.7333,0
1379189,2026-01-25,PL,2025,Arsenal,Manchester United,3,0.6578,1.0667,1,3,0.6136,0.5333,0
1379194,2026-01-26,PL,2025,Everton,Leeds,4,0.3778,1.2667,0,4,0.1429,1.8,0
1386897,2026-01-26,ELC,2025,Norwich,Coventry,4,0.4543,1.6667,0,3,0.5972,0.0,0
1386899,2026-01-30,ELC,2025,Bristol City,Derby,3,0.2857,0.0,1,3,0.0909,3.0667,0
1386901,2026-01-31,ELC,2025,Leicester,Charlton,3,0.4469,1.6,0,6,0.3667,2.4667,1
1386910,2026-01-31,ELC,2025,Sheffield Wednesday,Wrexham,5,0.4689,1.6,1,5,0.5476,0.6667,0
1386908,2026-01-31,ELC,2025,Stoke City,Southampton,7,0.5388,4.6667,1,4,0.6402,2.8,0
1379208,2026-01-31,PL,2025,Wolves,Bournemouth,5,0.1429,2.0,0,4,1.0,1.0,0
1379200,2026-01-31,PL,2025,Brighton,Everton,3,0.232,0.8667,0,3,0.1111,1.3333,1
1379202,2026-01-31,PL,2025,Leeds,Arsenal,3,0.1429,1.8,0,2,0.3122,0.0,1
1386905,2026-01-31,ELC,2025,Watford,Swansea,3,0.0,1.4,0,2,0.0,1.8,1
1386909,2026-01-31,ELC,2025,Ipswich,Preston,5,1.1895,0.0,1,5,0.5641,5.2667,1
1386902,2026-01-31,ELC,2025,Millwall,Sheffield Utd,2,0.0556,1.0667,0,4,1.0965,1.5333,0
1386907,2026-01-31,ELC,2025,Blackburn,Hull City,6,0.5222,2.8667,0,3,0.4444,0.0,0
1386904,2026-01-31,ELC,2025,Middlesbrough,Norwich,2,0.1429,1.4667,0,4,0.4543,1.6667,0
1386906,2026-01-31,ELC,2025,QPR,Coventry,5,0.6512,2.0667,1,2,0.8333,0.0,0
1386903,2026-01-31,ELC,2025,Oxford United,Birmingham,7,0.7714,1.8,0,3,0.2381,1.2,1
1386900,2026-01-31,ELC,2025,Portsmouth,West Brom,3,0.0,0.9333,0,4,0.2219,3.0,1
1379201,2026-01-31,PL,2025,Chelsea,West Ham,4,0.6381,2.4,0,4,0.2222,1.7333,0
1379203,2026-01-31,PL,2025,Liverpool,Newcastle,1,0.0,0.0,0,5,1.187,0.0,0
1379204,2026-02-01,PL,2025,Manchester United,Fulham,3,0.5779,0.5333,0,3,0.0667,2.0667,0
1379205,2026-02-01,PL,2025,Nottingham Forest,Crystal Palace,1,0.0,0.7333,0,4,0.3478,1.3333,1
1379199,2026-02-01,PL,2025,Aston Villa,Brentford,5,0.7683,0.0,2,3,0.1143,1.4667,0
1379207,2026-02-01,PL,2025,Tottenham,Manchester City,6,0.7025,1.4667,1,5,0.7292,2.2667,0
1379206,2026-02-02,PL,2025,Sunderland,Burnley,2,0.0455,0.0,0,3,0.2361,1.0,0
1386856,2026-02-03,ELC,2025,Sheffield Utd,Oxford United,4,1.0965,1.0,0,5,0.5384,0.0,1
1386854,2026-02-03,ELC,2025,Hull City,Watford,4,0.6667,0.0,3,4,0.7488,1.4,1
1386773,2026-02-03,ELC,2025,Blackburn,Sheffield Wednesday,6,0.7444,2.8667,0,5,0.3251,1.6,0
1379214,2026-02-06,PL,2025,Leeds,Nottingham Forest,3,0.15,1.8,0,4,0.0,4.8,2
1386912,2026-02-06,ELC,2025,Charlton,QPR,6,0.2292,2.4667,0,4,0.585,1.6,0
1379216,2026-02-07,PL,2025,Manchester United,Tottenham,2,0.2143,0.5333,0,6,0.7025,0.0,0
1386914,2026-02-07,ELC,2025,Southampton,Watford,4,0.6402,2.8,0,3,0.3043,1.4,0
1386915,2026-02-07,ELC,2025,Derby,Ipswich,5,0.0909,6.2,2,3,0.807,0.0,0
1386921,2026-02-07,ELC,2025,Norwich,Blackburn,4,0.4543,1.6667,0,5,0.5222,1.4667,0
1379210,2026-02-07,PL,2025,Bournemouth,Aston Villa,4,0.85,1.6667,1,5,0.2017,1.5333,0
1379213,2026-02-07,PL,2025,Fulham,Everton,3,0.0,2.6667,0,2,0.1111,0.0,0
1379218,2026-02-07,PL,2025,Wolves,Chelsea,5,0.1429,1.2,2,2,0.0833,1.0667,0
1379209,2026-02-07,PL,2025,Arsenal,Sunderland,4,0.6456,0.8,0,2,0.0455,0.0,0
1379212,2026-02-07,PL,2025,Burnley,West Ham,4,0.2361,1.6,0,5,0.2222,3.6667,1
1386922,2026-02-07,ELC,2025,Birmingham,Leicester,4,0.3745,1.2,1,4,0.6186,3.3333,2
1386920,2026-02-07,ELC,2025,Preston,Portsmouth,5,0.3846,4.0667,1,3,0.0435,0.4667,1
1386913,2026-02-07,ELC,2025,West Brom,Stoke City,6,0.6479,2.2,2,5,0.5388,2.2,1
1386916,2026-02-07,ELC,2025,Hull City,Bristol City,3,0.3333,0.0,1,3,0.2857,0.0,1
1386918,2026-02-07,ELC,2025,Coventry,Oxford United,5,1.3785,3.5333,0,7,0.8384,0.0,2
1386917,2026-02-07,ELC,2025,Wrexham,Millwall,4,0.8521,0.0,0,2,0.0556,1.0667,1
1379217,2026-02-07,PL,2025,Newcastle,Brentford,5,0.7968,1.0667,0,3,0.3203,1.4667,0
1386911,2026-02-08,ELC,2025,Swansea,Sheffield Wednesday,2,0.05,0.0,1,6,0.2774,1.6,2
1379211,2026-02-08,PL,2025,Brighton,Crystal Palace,6,0.932,2.4,1,3,0.3478,1.3333,1
1379215,2026-02-08,PL,2025,Liverpool,Manchester City,1,0.0,0.0,0,6,0.762,2.2667,0
1386919,2026-02-09,ELC,2025,Sheffield Utd,Middlesbrough,3,0.391,1.0,0,2,0.1429,1.4667,0
1379223,2026-02-10,PL,2025,Everton,Bournemouth,3,0.1111,1.4,1,5,1.5773,0.6667,1
1379227,2026-02-10,PL,2025,Tottenham,Newcastle,6,0.7025,1.3333,0,6,0.7742,0.9333,0
1379221,2026-02-10,PL,2025,Chelsea,Leeds,3,0.3106,1.0667,0,5,0.9056,2.5333,0
1386929,2026-02-10,ELC,2025,Leicester,Southampton,5,0.9311,3.3333,1,4,0.6402,2.8,0
1386928,2026-02-10,ELC,2025,Oxford United,Norwich,6,0.6162,0.0,0,6,0.8599,3.7333,3
1386923,2026-02-10,ELC,2025,Birmingham,West Brom,4,0.2381,2.6667,0,5,0.3279,2.7333,0
1379228,2026-02-10,PL,2025,West Ham,Manchester United,4,0.2222,3.6667,0,2,0.2143,0.5333,0
1379224,2026-02-11,PL,2025,Manchester City,Fulham,4,0.6108,1.0,0,3,0.0667,1.3333,0
1379222,2026-02-11,PL,2025,Crystal Palace,Burnley,4,0.4478,1.3333,1,6,0.2361,2.2667,0
1379225,2026-02-11,PL,2025,Nottingham Forest,Wolves,5,0.201,3.2,1,3,0.1333,0.0,0
1379219,2026-02-11,PL,2025,Aston Villa,Brighton,4,0.2017,1.6,0,4,0.3333,0.9333,0
1386933,2026-02-11,ELC,2025,Charlton,Stoke City,6,0.2625,2.4667,1,5,0.3241,2.2,0
1379226,2026-02-11,PL,2025,Sunderland,Liverpool,2,0.0455,0.0,1,3,0.0,3.0,1
1379220,2026-02-12,PL,2025,Brentford,Arsenal,2,0.2727,1.4667,0,3,0.3122,1.3333,0
1386925,2026-02-14,ELC,2025,Preston,Watford,4,0.1304,4.0667,0,4,0.2667,3.4,1
1386930,2026-02-14,ELC,2025,Derby,Swansea,4,0.2109,3.0667,2,1,0.0,0.0,0
1386931,2026-02-14,ELC,2025,QPR,Blackburn,5,0.8158,1.6,0,6,0.4365,3.0,1
1386934,2026-02-14,ELC,2025,Sheffield Wednesday,Millwall,6,0.2417,2.2,0,2,0.3248,0.0,0
1386926,2026-02-14,ELC,2025,Portsmouth,Sheffield Utd,4,0.3383,0.4667,0,4,0.5259,1.0,1
1386927,2026-02-16,ELC,2025,Coventry,Middlesbrough,4,1.6039,1.9333,1,1,0.0,1.4667,0
1386924,2026-02-17,ELC,2025,Bristol City,Wrexham,4,0.4057,0.0,0,4,0.5849,0.0,0
1386768,2026-02-17,ELC,2025,Charlton,Portsmouth,5,0.2,2.4667,0,4,0.4204,0.0,1
1379278,2026-02-18,PL,2025,Wolves,Arsenal,3,0.3152,0.0,0,2,0.3894,0.0,0
1386938,2026-02-20,ELC,2025,Blackburn,Preston,5,0.4365,3.0,0,4,0.4876,3.1333,0
1386935,2026-02-21,ELC,2025,West Brom,Coventry,6,0.3279,4.8,0,3,0.6039,1.9333,0
1386939,2026-02-21,ELC,2025,Hull City,QPR,3,0.4293,1.8667,0,5,0.8158,1.4,0
1386937,2026-02-21,ELC,2025,Stoke City,Leicester,4,0.2841,2.2,0,6,1.1811,3.4667,0
1386946,2026-02-21,ELC,2025,Swansea,Bristol City,2,0.2106,0.0,0,6,0.9687,1.9333,2
1379231,2026-02-21,PL,2025,Chelsea,Burnley,2,0.0833,1.4667,0,4,0.2361,0.6667,0
1379230,2026-02-21,PL,2025,Brentford,Brighton,4,0.3182,3.2,0,5,0.3333,0.9333,0
1379229,2026-02-21,PL,2025,Aston Villa,Leeds,3,0.2017,0.0,1,1,0.0,1.0667,0
1386940,2026-02-21,ELC,2025,Watford,Derby,5,0.4444,3.2,0,4,0.2109,3.0667,0
1386936,2026-02-21,ELC,2025,Southampton,Charlton,4,0.5383,2.8,0,6,0.0588,2.4667,1
1386942,2026-02-21,ELC,2025,Millwall,Portsmouth,2,0.0,2.6,2,3,0.4204,0.0,0
1386941,2026-02-21,ELC,2025,Middlesbrough,Oxford United,4,0.7748,1.7333,1,5,0.24,3.4667,1
1386945,2026-02-21,ELC,2025,Norwich,Birmingham,6,1.0028,1.6667,0,5,0.5741,1.7333,2
1386943,2026-02-21,ELC,2025,Wrexham,Ipswich,3,0.4383,0.0,0,3,0.807,0.0,0
1379238,2026-02-21,PL,2025,West Ham,Bournemouth,4,0.2222,2.5333,0,3,0.9,0.0,0
1379234,2026-02-21,PL,2025,Manchester City,Newcastle,5,0.9608,1.0,0,5,0.9748,0.7333,0
1386944,2026-02-22,ELC,2025,Sheffield Utd,Sheffield Wednesday,1,0.2857,0.0,0,5,0.2417,2.2,1
1379232,2026-02-22,PL,2025,Crystal Palace,Wolves,4,0.3478,3.8667,0,2,0.1333,0.0,0
1379235,2026-02-22,PL,2025,Nottingham Forest,Liverpool,2,0.0833,1.2667,0,1,0.1905,0.0,0
1379236,2026-02-22,PL,2025,Sunderland,Fulham,3,0.0455,1.1333,1,3,0.0,2.1333,0
1379237,2026-02-22,PL,2025,Tottenham,Arsenal,5,0.7025,1.3333,0,1,0.0769,0.0,0
1379233,2026-02-23,PL,2025,Everton,Manchester United,3,0.1111,3.0667,0,3,0.2143,1.1333,0
1386950,2026-02-24,ELC,2025,Watford,Ipswich,4,0.3889,1.7333,0,3,0.5325,1.8667,1
1386954,2026-02-24,ELC,2025,West Brom,Charlton,4,0.4728,2.0,0,4,0.0,2.4667,0
1386951,2026-02-24,ELC,2025,Hull City,Derby,1,0.1111,0.0,0,6,0.4242,6.1333,0
1386955,2026-02-24,ELC,2025,Blackburn,Bristol City,5,0.4444,3.0,0,6,0.502,3.2,0
1386949,2026-02-24,ELC,2025,Middlesbrough,Leicester,1,0.1429,0.0,0,4,0.8686,1.7333,0
1386947,2026-02-24,ELC,2025,Swansea,Preston,2,0.0952,0.0,1,4,0.3612,3.8667,1
1386948,2026-02-24,ELC,2025,Wrexham,Portsmouth,4,0.56,0.0,0,3,0.4204,0.0,0
1386953,2026-02-24,ELC,2025,Southampton,QPR,4,0.4583,2.8,1,5,0.8158,1.4,0
1386956,2026-02-25,ELC,2025,Millwall,Birmingham,4,0.2593,3.8,0,6,0.9121,1.7333,0
1386958,2026-02-25,ELC,2025,Sheffield Utd,Coventry,1,0.2857,0.0,0,2,0.2857,1.9333,0
1386957,2026-02-25,ELC,2025,Norwich,Sheffield Wednesday,5,1.2698,0.8667,1,6,0.2417,2.4,0
1386952,2026-02-25,ELC,2025,Stoke City,Oxford United,3,0.101,0.0,0,2,0.04,2.0,0
1379248,2026-02-27,PL,2025,Wolves,Aston Villa,3,0.3,1.4,0,4,0.2017,0.8,0
1386961,2026-02-27,ELC,2025,Bristol City,Watford,3,0.3214,3.4667,0,4,0.2222,3.3333,0
1379240,2026-02-28,PL,2025,Bournemouth,Sunderland,3,1.2106,0.0,0,3,0.3846,2.8,0
1386964,2026-02-28,ELC,2025,Leicester,Norwich,3,0.6986,0.0,0,6,1.2698,1.7333,0
1386967,2026-02-28,ELC,2025,Derby,Blackburn,5,0.4242,4.8,0,5,0.6508,2.3333,0
1386960,2026-02-28,ELC,2025,Portsmouth,Hull City,2,0.0871,0.0,0,3,0.2929,1.8,1
1379247,2026-02-28,PL,2025,Newcastle,Everton,3,0.8571,0.0,0,4,0.3743,1.4667,0
1379245,2026-02-28,PL,2025,Liverpool,West Ham,2,0.1905,0.0,0,3,0.0,2.5333,0
1379242,2026-02-28,PL,2025,Burnley,Brentford,6,0.379,2.6,1,3,0.0769,3.2667,1
1386968,2026-02-28,ELC,2025,Ipswich,Swansea,3,0.9963,0.0,0,3,0.8546,0.0,0
1386959,2026-02-28,ELC,2025,Preston,Millwall,4,0.3612,2.1333,0,5,0.3148,3.8,0
1386966,2026-02-28,ELC,2025,QPR,Sheffield Utd,7,0.3833,4.6667,0,6,1.01,3.6667,1
1386970,2026-02-28,ELC,2025,Sheffield Wednesday,Southampton,5,0.1941,0.6667,0,5,0.5769,1.5333,0
1386969,2026-02-28,ELC,2025,Charlton,Wrexham,4,0.0556,3.5333,1,3,0.5026,0.0,0
1386963,2026-02-28,ELC,2025,Oxford United,West Brom,2,0.04,0.0,1,4,0.5394,2.1333,0
1386965,2026-02-28,ELC,2025,Coventry,Stoke City,2,0.1739,1.9333,0,2,0.1625,0.0,0
1379244,2026-02-28,PL,2025,Leeds,Manchester City,1,0.0,1.0667,0,5,1.5569,1.0,0
1379246,2026-03-01,PL,2025,Manchester United,Crystal Palace,4,0.3143,1.1333,0,5,0.4431,2.1333,0
1379243,2026-03-01,PL,2025,Fulham,Tottenham,4,0.0,3.8667,1,5,0.7025,1.3333,0
1379241,2026-03-01,PL,2025,Brighton,Nottingham Forest,4,0.2778,0.9333,0,1,0.0833,0.0,0
1379239,2026-03-01,PL,2025,Arsenal,Chelsea,1,0.0769,0.0,0,3,0.0,3.3333,1
1386962,2026-03-02,ELC,2025,Birmingham,Middlesbrough,3,0.1333,2.4,0,2,0.5431,0.0,0
1379250,2026-03-03,PL,2025,Bournemouth,Brentford,3,1.6487,0.0,0,3,0.1204,1.2,0
1379252,2026-03-03,PL,2025,Everton,Burnley,3,0.4269,1.4667,0,3,0.3075,0.0,0
1379254,2026-03-03,PL,2025,Leeds,Sunderland,1,0.0,0.8,0,5,0.4281,4.6667,2
1386932,2026-03-03,ELC,2025,Ipswich,Hull City,2,0.3077,1.9333,0,4,0.9107,1.8,0
1379258,2026-03-03,PL,2025,Wolves,Liverpool,4,0.35,1.2,0,2,0.1905,0.0,0
1379253,2026-03-04,PL,2025,Fulham,West Ham,5,0.5475,3.2667,0,3,0.0909,2.5333,0
1379255,2026-03-04,PL,2025,Manchester City,Nottingham Forest,3,0.5426,0.0,0,2,0.2576,0.0,0
1379251,2026-03-04,PL,2025,Brighton,Arsenal,3,0.5556,2.6667,0,3,0.3547,1.5333,0
1379249,2026-03-04,PL,2025,Aston Villa,Chelsea,3,0.2017,0.0,0,4,0.2083,3.2667,0
1379256,2026-03-04,PL,2025,Newcastle,Manchester United,4,0.8684,1.4667,0,5,0.3143,2.6667,0
1379257,2026-03-05,PL,2025,Tottenham,Crystal Palace,6,0.2229,1.3333,1,6,0.4431,3.9333,0
1386981,2026-03-06,ELC,2025,Preston,Oxford United,4,0.5581,0.0,0,2,0.04,0.0,0
1386976,2026-03-07,ELC,2025,Hull City,Millwall,3,0.1579,2.0,0,4,0.2593,3.8,0
1386979,2026-03-07,ELC,2025,Blackburn,Portsmouth,4,0.4222,1.5333,0,2,0.3503,0.0,0
1386980,2026-03-07,ELC,2025,Bristol City,Coventry,5,0.785,3.4667,0,3,0.2381,3.8,0
1386973,2026-03-07,ELC,2025,Ipswich,Leicester,3,0.9379,0.0,0,2,0.6186,0.0,0
1386982,2026-03-07,ELC,2025,Sheffield Utd,West Brom,3,0.2667,3.6667,0,5,0.2876,3.2667,1
1386975,2026-03-07,ELC,2025,Derby,Sheffield Wednesday,4,0.0588,4.8,0,4,0.1941,0.6667,0
1386971,2026-03-07,ELC,2025,Swansea,Stoke City,1,0.0,0.0,0,4,0.3213,0.7333,0
1386972,2026-03-07,ELC,2025,Charlton,Birmingham,3,0.0556,3.5333,0,5,0.4153,3.4,0
1386978,2026-03-08,ELC,2025,QPR,Middlesbrough,4,0.3833,1.4,0,2,0.2059,0.6667,0
1386987,2026-03-10,ELC,2025,Leicester,Bristol City,1,0.0,1.6,0,4,0.0571,3.4667,1
1386988,2026-03-10,ELC,2025,Millwall,Derby,4,0.3,3.8,0,3,0.1071,2.9333,0
1386990,2026-03-10,ELC,2025,Sheffield Wednesday,Watford,5,0.3941,2.2667,0,5,0.2222,5.1333,0
1386983,2026-03-10,ELC,2025,Portsmouth,Swansea,4,0.4003,2.1333,1,2,0.087,0.0,0
1386986,2026-03-10,ELC,2025,Wrexham,Hull City,3,0.4455,0.0,1,3,0.4379,1.9333,0
1386989,2026-03-10,ELC,2025,Stoke City,Ipswich,4,0.4123,2.2,0,2,0.3932,0.0,0
1386985,2026-03-11,ELC,2025,Birmingham,QPR,3,0.0,2.4667,0,4,0.1526,1.6,0
1386991,2026-03-11,ELC,2025,West Brom,Southampton,5,0.2876,3.2667,0,4,0.5353,1.5333,0
1386992,2026-03-11,ELC,2025,Middlesbrough,Charlton,1,0.2222,0.0,0,5,0.4,8.2,0
1386984,2026-03-11,ELC,2025,Norwich,Sheffield Utd,5,0.5556,2.3333,0,3,0.7154,2.2667,0
1386993,2026-03-11,ELC,2025,Oxford United,Blackburn,2,0.04,0.0,0,4,0.4803,1.5333,0
1386994,2026-03-11,ELC,2025,Coventry,Preston,4,0.8535,2.5333,0,3,0.2917,1.9333,0
1386996,2026-03-13,ELC,2025,Wrexham,Swansea,4,0.8741,0.0,0,2,0.1385,0.0,0
1387003,2026-03-14,ELC,2025,Middlesbrough,Bristol City,1,0.3438,0.0,0,5,0.0,6.7333,0
1386998,2026-03-14,ELC,2025,Oxford United,Charlton,3,0.3376,0.0,0,2,0.4,2.2667,0
1386995,2026-03-14,ELC,2025,Coventry,Southampton,3,0.2381,2.5333,0,3,0.2308,1.5333,0
1379261,2026-03-14,PL,2025,Burnley,Bournemouth,5,0.3725,0.0,0,3,0.75,1.4,0
1379267,2026-03-14,PL,2025,Sunderland,Brighton,4,0.1538,4.6667,0,3,0.2303,0.0,0
1386999,2026-03-14,ELC,2025,Leicester,QPR,2,0.25,1.6,0,3,0.2242,1.4667,0
1387000,2026-03-14,ELC,2025,Birmingham,Sheffield Utd,2,0.0,2.4667,0,3,0.35,2.2667,0
1386997,2026-03-14,ELC,2025,Millwall,Blackburn,4,0.2857,3.8,0,3,0.5152,0.0,0
1387004,2026-03-14,ELC,2025,West Brom,Hull City,3,0.1111,1.1333,0,3,0.28,0.4667,0
1387001,2026-03-14,ELC,2025,Norwich,Preston,4,0.5556,3.3333,0,5,0.7018,2.6667,1
1387006,2026-03-14,ELC,2025,Sheffield Wednesday,Ipswich,4,0.287,0.9333,0,5,0.5298,3.8667,0
1387005,2026-03-14,ELC,2025,Stoke City,Watford,4,0.1303,2.2,0,5,0.5437,3.3333,0
1379259,2026-03-14,PL,2025,Arsenal,Everton,4,0.7895,1.1333,0,2,0.3158,1.9333,0
1379262,2026-03-14,PL,2025,Chelsea,Newcastle,1,0.2083,0.0,0,5,0.4091,3.8667,0
1379268,2026-03-14,PL,2025,West Ham,Manchester City,3,0.3182,1.3333,0,3,0.5476,1.5333,0
1379265,2026-03-15,PL,2025,Manchester United,Aston Villa,1,0.0,0.6,0,4,0.0,2.6667,1
1379263,2026-03-15,PL,2025,Crystal Palace,Leeds,5,0.4431,3.2667,1,2,0.0385,0.0,0
1379266,2026-03-15,PL,2025,Nottingham Forest,Fulham,1,0.0909,0.0,0,3,0.1875,1.5333,0
1379264,2026-03-15,PL,2025,Liverpool,Tottenham,4,0.55,3.4667,1,7,0.3422,3.1333,0
1379260,2026-03-16,PL,2025,Brentford,Wolves,4,0.1204,2.1333,0,2,0.3,0.0,0
1387002,2026-03-16,ELC,2025,Portsmouth,Derby,3,0.4169,0.0,0,3,0.0556,2.9333,0
1386977,2026-03-17,ELC,2025,Watford,Wrexham,4,0.2222,2.3333,1,4,0.4812,0.0,0
1386974,2026-03-18,ELC,2025,Southampton,Norwich,2,0.2308,0.0,1,4,0.5556,2.8667,0
1379270,2026-03-20,PL,2025,Bournemouth,Manchester United,3,1.3214,0.0,0,1,0.0,0.6,0
1387017,2026-03-20,ELC,2025,Preston,Stoke City,4,0.3833,3.2,0,5,0.1381,3.0667,0
1379271,2026-03-21,PL,2025,Brighton,Liverpool,3,0.3969,0.0,0,2,0.0,1.6667,0
1387010,2026-03-21,ELC,2025,Ipswich,Millwall,5,0.4854,3.8667,0,3,0.2857,2.6,0
1387014,2026-03-21,ELC,2025,Blackburn,Middlesbrough,4,0.4605,0.6667,0,2,0.4753,0.0,0
1387012,2026-03-21,ELC,2025,Derby,Birmingham,3,0.0556,2.2,0,4,0.1538,2.4667,0
1379273,2026-03-21,PL,2025,Fulham,Burnley,4,0.5075,2.1333,0,5,0.3725,0.0,0
1387011,2026-03-21,ELC,2025,Watford,Leicester,4,0.2222,2.3333,0,3,0.4583,1.4667,0
1387009,2026-03-21,ELC,2025,Southampton,Oxford United,3,0.7308,0.0,0,1,0.2143,0.0,0
1387018,2026-03-21,ELC,2025,Bristol City,West Brom,3,0.0,5.2667,0,4,0.1111,1.8,0
1387016,2026-03-21,ELC,2025,Sheffield Utd,Wrexham,3,0.25,3.8,0,3,1.1184,0.0,0
1387013,2026-03-21,ELC,2025,Hull City,Sheffield Wednesday,4,0.0,2.7333,0,3,0.287,0.4667,0
1387015,2026-03-21,ELC,2025,QPR,Portsmouth,3,0.2242,1.4667,0,3,0.1143,1.8,0
1387007,2026-03-21,ELC,2025,Charlton,Norwich,2,0.05,2.2667,0,3,0.0,2.8667,0
1387008,2026-03-21,ELC,2025,Swansea,Coventry,1,0.0833,0.0,0,3,0.8307,2.0667,0
1379272,2026-03-21,PL,2025,Everton,Chelsea,1,0.3158,0.0,0,3,0.1714,1.9333,0
1379274,2026-03-21,PL,2025,Leeds,Brentford,2,0.0,0.0,0,3,0.0769,2.1333,0
1379276,2026-03-22,PL,2025,Newcastle,Sunderland,5,0.5,3.2,0,4,0.1538,5.0,0
1379277,2026-03-22,PL,2025,Tottenham,Nottingham Forest,4,0.2834,0.0,0,1,0.0714,0.0,0
1379269,2026-03-22,PL,2025,Aston Villa,West Ham,3,0.2778,0.8667,0,4,0.3182,2.6667,0
1387026,2026-04-03,ELC,2025,Middlesbrough,Millwall,2,0.4753,0.0,0,2,0.25,1.5333,0
1387022,2026-04-03,ELC,2025,Leicester,Preston,4,0.8429,1.4667,0,4,0.3833,3.2,0
1387020,2026-04-03,ELC,2025,Birmingham,Blackburn,3,0.0,2.4667,0,4,0.5,1.5333,0
1387027,2026-04-03,ELC,2025,West Brom,Wrexham,4,0.1111,1.8,0,3,1.1184,0.0,0
1387021,2026-04-03,ELC,2025,Sheffield Utd,Swansea,2,0.25,2.2667,0,3,0.1279,2.4,0
1387019,2026-04-03,ELC,2025,Norwich,Portsmouth,6,1.3434,3.7333,0,4,0.5653,1.8,0
1387025,2026-04-03,ELC,2025,QPR,Watford,3,0.0938,1.4667,0,7,0.3961,6.0,1
1387029,2026-04-03,ELC,2025,Stoke City,Sheffield Wednesday,6,0.1749,4.0,0,3,0.125,0.4667,0
1387030,2026-04-03,ELC,2025,Charlton,Bristol City,2,0.05,2.2667,0,3,0.0,3.3333,0
1387023,2026-04-03,ELC,2025,Oxford United,Hull City,2,0.0,1.6667,0,5,0.1838,4.8,1
1387024,2026-04-03,ELC,2025,Coventry,Derby,4,1.0565,0.7333,0,4,1.0559,1.7333,1
1387040,2026-04-06,ELC,2025,Portsmouth,Oxford United,4,0.5974,1.8,1,2,0.0,1.6667,0
1387038,2026-04-06,ELC,2025,Millwall,Norwich,3,0.5259,0.0,0,3,0.0,3.2,0
1387033,2026-04-06,ELC,2025,Watford,Charlton,6,0.3961,6.0,0,3,0.05,2.2667,0
1387042,2026-04-06,ELC,2025,Bristol City,Sheffield Utd,4,0.0,5.3333,0,5,0.6104,3.7333,2
1387032,2026-04-06,ELC,2025,Ipswich,Birmingham,5,1.6678,3.8667,0,5,0.6593,3.2667,0
1387039,2026-04-06,ELC,2025,Preston,QPR,3,0.3833,1.3333,0,3,0.0938,1.4667,0
1387036,2026-04-06,ELC,2025,Blackburn,West Brom,4,0.5,1.5333,0,1,0.0741,0.0,0
1387034,2026-04-06,ELC,2025,Derby,Stoke City,2,0.7434,0.0,0,5,0.308,4.0,1
1387031,2026-04-06,ELC,2025,Sheffield Wednesday,Leicester,4,0.246,0.4667,0,3,0.4583,1.4667,0
1387041,2026-04-06,ELC,2025,Swansea,Middlesbrough,3,0.1738,2.4,1,3,0.5896,0.0,0
1387035,2026-04-06,ELC,2025,Hull City,Coventry,3,0.3551,2.3333,1,2,0.3333,2.0,0
1387037,2026-04-07,ELC,2025,Wrexham,Southampton,2,0.5833,0.0,0,3,0.3022,0.0,0
1379288,2026-04-10,PL,2025,West Ham,Wolves,4,0.0,4.6667,0,3,0.5262,0.0,0
1387051,2026-04-10,ELC,2025,West Brom,Millwall,2,0.25,1.2,0,2,0.25,0.0,0
1379279,2026-04-11,PL,2025,Arsenal,Bournemouth,5,0.6274,3.0,0,2,0.3,0.0,0
1387043,2026-04-11,ELC,2025,Norwich,Ipswich,3,0.0,3.2,0,5,1.272,1.8,0
1387049,2026-04-11,ELC,2025,QPR,Bristol City,3,0.0938,2.6,0,2,0.0,3.8,0
1387048,2026-04-11,ELC,2025,Coventry,Sheffield Wednesday,2,0.2414,2.0,0,4,0.1905,2.5333,0
1379281,2026-04-11,PL,2025,Burnley,Brighton,4,0.1458,1.9333,0,3,0.2303,1.8667,0
1379280,2026-04-11,PL,2025,Brentford,Everton,3,0.0769,2.1333,0,2,0.3158,1.6,0
1387053,2026-04-11,ELC,2025,Southampton,Derby,1,0.5,0.0,0,4,0.8715,0.6,0
1387045,2026-04-11,ELC,2025,Leicester,Swansea,3,0.25,3.2667,0,4,0.2628,2.4,0
1387046,2026-04-11,ELC,2025,Sheffield Utd,Hull City,3,0.2941,3.7333,0,4,0.7745,2.3333,0
1387050,2026-04-11,ELC,2025,Middlesbrough,Portsmouth,3,0.4753,2.2667,0,4,0.2974,3.7333,0
1387052,2026-04-11,ELC,2025,Stoke City,Blackburn,8,0.3083,4.0,0,3,0.5,0.6667,0
1387054,2026-04-11,ELC,2025,Charlton,Preston,4,0.125,2.2667,1,3,0.4711,1.3333,0
1387047,2026-04-11,ELC,2025,Oxford United,Watford,1,0.0,1.6667,0,2,0.0,2.5333,0
1379284,2026-04-11,PL,2025,Liverpool,Fulham,5,0.7387,3.3333,0,4,0.5475,2.1333,0
1387044,2026-04-12,ELC,2025,Birmingham,Wrexham,3,0.6593,0.0,0,5,1.4333,2.4,0
1379283,2026-04-12,PL,2025,Crystal Palace,Newcastle,3,0.6978,0.0,0,6,1.2184,2.6,0
1379286,2026-04-12,PL,2025,Nottingham Forest,Aston Villa,1,0.0714,0.0,0,5,0.2778,4.6667,0
1379287,2026-04-12,PL,2025,Sunderland,Tottenham,3,0.0,4.3333,0,4,0.2167,3.4667,1
1379282,2026-04-12,PL,2025,Chelsea,Manchester City,4,0.4473,1.9333,0,2,0.3333,1.5333,0
1379285,2026-04-13,PL,2025,Manchester United,Leeds,4,0.3462,2.6,0,3,0.16,1.9333,0
1387087,2026-04-14,ELC,2025,Southampton,Blackburn,4,0.7616,0.0,0,6,0.6058,1.6,1
1386857,2026-04-14,ELC,2025,Portsmouth,Ipswich,5,0.4252,3.7333,0,4,1.5236,2.1333,0
1387061,2026-04-17,ELC,2025,Blackburn,Coventry,4,0.7652,0.6667,0,2,0.7931,0.0,0
1379290,2026-04-18,PL,2025,Brentford,Fulham,3,0.0769,2.1333,0,5,0.36,3.0,0
1387063,2026-04-18,ELC,2025,Millwall,QPR,2,0.25,0.0,0,3,0.0938,2.6,0
1387059,2026-04-18,ELC,2025,Derby,Oxford United,3,0.7624,0.0,0,1,0.0,1.6667,0
1387065,2026-04-18,ELC,2025,Portsmouth,Leicester,4,0.3419,3.7333,0,4,0.0333,5.5333,0
1379296,2026-04-18,PL,2025,Newcastle,Bournemouth,6,1.0877,2.6,0,1,0.3,0.0,0
1379294,2026-04-18,PL,2025,Leeds,Wolves,3,0.16,1.9333,0,5,0.5262,2.6667,1
1387058,2026-04-18,ELC,2025,Watford,Sheffield Utd,4,0.2727,2.5333,0,3,0.1176,3.7333,0
1387066,2026-04-18,ELC,2025,Bristol City,Norwich,1,0.0,1.8,0,4,0.8846,2.5333,0
1387064,2026-04-18,ELC,2025,Preston,West Brom,3,0.4711,1.3333,0,1,0.0,1.2,0
1387060,2026-04-18,ELC,2025,Hull City,Birmingham,4,0.3551,3.4,0,3,0.6593,0.0,0
1387055,2026-04-18,ELC,2025,Sheffield Wednesday,Charlton,3,0.2161,2.0667,0,2,0.0,4.4667,0
1387056,2026-04-18,ELC,2025,Swansea,Southampton,2,0.0938,2.4,0,2,0.0,3.5333,0
1387062,2026-04-18,ELC,2025,Wrexham,Stoke City,5,0.8546,5.2,0,6,0.3667,3.1333,0
1379298,2026-04-18,PL,2025,Tottenham,Brighton,5,0.269,4.9333,0,3,0.2303,1.8667,0
1379291,2026-04-18,PL,2025,Chelsea,Manchester United,3,0.6,1.9333,0,3,0.087,1.6,0
1387057,2026-04-19,ELC,2025,Ipswich,Middlesbrough,4,1.8903,1.8667,0,3,0.7531,0.0,0
1379293,2026-04-19,PL,2025,Everton,Liverpool,2,0.3158,1.6,0,5,0.6007,4.0,0
1379297,2026-04-19,PL,2025,Nottingham Forest,Burnley,3,0.3447,0.0,0,4,0.1458,0.9333,0
1379289,2026-04-19,PL,2025,Aston Villa,Sunderland,2,0.2778,0.0,0,3,0.0,4.3333,0
1379295,2026-04-19,PL,2025,Manchester City,Arsenal,2,0.3333,1.5333,0,4,1.0505,1.8667,0
1379292,2026-04-20,PL,2025,Crystal Palace,West Ham,2,0.35,0.0,0,2,0.0,2.7333,0
1387073,2026-04-21,ELC,2025,Southampton,Bristol City,4,0.3167,3.5333,0,4,0.4764,1.8,0
1387077,2026-04-21,ELC,2025,Leicester,Hull City,5,0.1023,5.5333,0,4,0.0588,3.4,0
1387072,2026-04-21,ELC,2025,West Brom,Watford,2,0.439,0.0,0,3,0.1795,1.2,0
1387067,2026-04-21,ELC,2025,Norwich,Derby,5,1.1513,2.5333,0,4,0.7624,2.3333,0
1387070,2026-04-21,ELC,2025,QPR,Swansea,5,0.6737,4.8667,1,4,0.8141,2.4,0
1387074,2026-04-21,ELC,2025,Stoke City,Millwall,5,0.4822,0.9333,1,2,0.25,0.0,0
1387068,2026-04-21,ELC,2025,Oxford United,Wrexham,2,0.125,1.6667,0,5,0.4879,6.8,0
1387069,2026-04-21,ELC,2025,Coventry,Portsmouth,2,0.2414,0.9333,0,4,0.202,3.7333,0
1379301,2026-04-21,PL,2025,Brighton,Chelsea,4,0.8955,1.8667,0,3,1.05,0.0,0
1387076,2026-04-22,ELC,2025,Birmingham,Preston,3,0.5481,0.0,0,6,0.3976,4.8,0
1387078,2026-04-22,ELC,2025,Sheffield Utd,Blackburn,5,0.5627,3.2667,0,3,0.5722,0.6667,0
1387071,2026-04-22,ELC,2025,Middlesbrough,Sheffield Wednesday,2,0.4094,0.0,0,4,0.1399,3.2,1
1387075,2026-04-22,ELC,2025,Charlton,Ipswich,7,0.6496,2.8,0,3,0.6818,4.0667,0
1379300,2026-04-22,PL,2025,Bournemouth,Leeds,2,0.5222,0.0,0,3,0.16,1.9333,0
1379302,2026-04-22,PL,2025,Burnley,Manchester City,5,0.2992,0.0,0,2,0.3958,0.0,0
1379306,2026-04-24,PL,2025,Sunderland,Nottingham Forest,1,0.0,0.9333,0,3,0.2143,1.6667,0
1387080,2026-04-24,ELC,2025,Leicester,Millwall,4,0.0606,5.2667,1,3,0.25,1.6,0
1379303,2026-04-25,PL,2025,Fulham,Aston Villa,3,0.1481,1.6,0,3,0.0952,0.9333,0
1387088,2026-04-25,ELC,2025,West Brom,Ipswich,1,0.2857,0.0,0,1,0.0,2.2,0
1387089,2026-04-25,ELC,2025,Middlesbrough,Watford,5,0.8075,2.5333,0,4,0.1905,1.2,0
1387085,2026-04-25,ELC,2025,Charlton,Hull City,6,0.3333,2.8,0,3,0.0588,2.3333,1
1379308,2026-04-25,PL,2025,Wolves,Tottenham,4,0.25,3.0,1,4,0.269,3.5333,0
1379304,2026-04-25,PL,2025,Liverpool,Crystal Palace,4,0.6571,3.3333,1,3,0.087,0.0,0
1379307,2026-04-25,PL,2025,West Ham,Everton,2,0.0,2.7333,0,0,0.0,0.0,0
1387081,2026-04-25,ELC,2025,Birmingham,Bristol City,3,0.6398,0.0,0,3,0.4764,0.0,0
1387079,2026-04-25,ELC,2025,Sheffield Utd,Preston,4,0.3143,3.4,0,4,0.0476,6.0667,0
1387082,2026-04-25,ELC,2025,Norwich,Swansea,4,0.7667,1.5333,0,2,0.0,2.4,0
1387090,2026-04-25,ELC,2025,QPR,Derby,4,0.5,4.0667,0,5,0.8493,0.7333,0
1387086,2026-04-25,ELC,2025,Stoke City,Portsmouth,5,0.6458,0.0,0,9,0.5488,8.6667,0
1387084,2026-04-25,ELC,2025,Oxford United,Sheffield Wednesday,4,0.1111,3.8667,0,3,0.0256,1.8,0
1379299,2026-04-25,PL,2025,Arsenal,Newcastle,4,1.0505,1.8667,0,6,0.623,2.5333,0
1387083,2026-04-26,ELC,2025,Coventry,Wrexham,3,0.533,0.9333,0,4,0.4879,5.2,0
1379305,2026-04-27,PL,2025,Manchester United,Brentford,2,0.3077,0.6667,0,2,0.0,2.1333,0
1387028,2026-04-28,ELC,2025,Southampton,Ipswich,3,0.4574,2.0,0,4,1.6482,1.9333,0
1379315,2026-05-01,PL,2025,Leeds,Burnley,3,0.1481,0.0,0,4,0.2159,0.0,0
1387092,2026-05-02,ELC,2025,Watford,Coventry,2,0.2571,0.5333,0,8,1.1445,10.2667,0
1387099,2026-05-02,ELC,2025,Bristol City,Stoke City,2,0.4032,0.0,0,3,0.25,1.0,0
1387095,2026-05-02,ELC,2025,Ipswich,QPR,5,1.8547,1.9333,0,5,1.0489,2.6,0
1387097,2026-05-02,ELC,2025,Millwall,Oxford United,3,0.4091,1.6,0,4,0.3333,3.8667,0
1387102,2026-05-02,ELC,2025,Preston,Southampton,3,0.0,5.1333,0,7,1.5407,5.4667,0
1387093,2026-05-02,ELC,2025,Hull City,Norwich,2,0.0,1.2,0,5,0.7751,2.2667,0
1387091,2026-05-02,ELC,2025,Blackburn,Leicester,2,0.4545,0.6667,0,5,0.4406,3.2667,0
1387094,2026-05-02,ELC,2025,Derby,Sheffield Utd,5,0.3939,3.6,0,3,0.3143,1.4667,0
1387096,2026-05-02,ELC,2025,Sheffield Wednesday,West Brom,3,0.1996,2.1333,1,2,0.0645,2.6667,0
1387100,2026-05-02,ELC,2025,Swansea,Charlton,3,0.0645,5.4,1,5,0.2313,2.8,0
1387101,2026-05-02,ELC,2025,Portsmouth,Birmingham,9,0.5743,8.6667,0,2,0.5053,0.0,0
1387098,2026-05-02,ELC,2025,Wrexham,Middlesbrough,3,0.1379,5.2,0,2,0.4094,0.0,0
1379317,2026-05-02,PL,2025,Newcastle,Brighton,5,0.6816,2.5333,0,3,0.35,1.8667,0
1379318,2026-05-02,PL,2025,Wolves,Sunderland,3,0.0,3.0667,0,1,0.1333,0.0,0
1379312,2026-05-02,PL,2025,Brentford,West Ham,1,0.0,1.2,0,1,0.0,1.4,0
1379309,2026-05-02,PL,2025,Arsenal,Fulham,4,0.2848,3.1333,0,3,0.1481,1.3333,1
1379311,2026-05-03,PL,2025,Bournemouth,Crystal Palace,1,0.3,0.0,0,4,0.0303,1.9333,0
1379316,2026-05-03,PL,2025,Manchester United,Liverpool,2,0.0833,0.6667,0,4,0.842,3.3333,0
1379310,2026-05-03,PL,2025,Aston Villa,Tottenham,6,0.8789,3.4667,0,7,0.4891,5.0,0
1379313,2026-05-04,PL,2025,Chelsea,Nottingham Forest,3,0.2786,1.1333,1,9,0.775,7.3333,1
1379314,2026-05-04,PL,2025,Everton,Manchester City,3,0.3833,0.0,0,2,0.0625,0.7333,0
1543786,2026-05-08,ELC,2025,Hull City,Millwall,2,0.0,1.2,0,3,0.5,1.6,0
1379323,2026-05-09,PL,2025,Liverpool,Chelsea,3,0.5034,1.6667,0,3,0.1786,4.2667,1
1543787,2026-05-09,ELC,2025,Middlesbrough,Southampton,1,0.1538,0.0,0,3,0.3636,3.4,0
1379322,2026-05-09,PL,2025,Fulham,Bournemouth,4,0.4815,1.3333,0,2,0.3,1.7333,0
1379319,2026-05-09,PL,2025,Brighton,Wolves,2,0.2,1.4667,0,4,0.2308,3.0667,0
1379326,2026-05-09,PL,2025,Sunderland,Manchester United,2,0.1333,1.6,0,3,0.5916,1.8667,0
1379324,2026-05-09,PL,2025,Manchester City,Brentford,3,0.0625,1.6,0,3,0.2174,2.8667,0
1379320,2026-05-10,PL,2025,Burnley,Aston Villa,4,0.1465,3.4,1,4,0.411,1.3333,0
1379321,2026-05-10,PL,2025,Crystal Palace,Everton,3,0.0833,0.0,0,3,0.4833,0.0,0
1379325,2026-05-10,PL,2025,Nottingham Forest,Newcastle,5,0.6201,2.8667,0,4,0.7372,1.1333,0
1379328,2026-05-10,PL,2025,West Ham,Arsenal,1,0.0,0.0,0,4,0.2848,3.1333,0
1379327,2026-05-11,PL,2025,Tottenham,Leeds,6,0.4891,5.0,0,3,0.0323,0.0,0
1543788,2026-05-11,ELC,2025,Millwall,Hull City,2,0.0,1.6,0,2,0.3889,1.0667,0
1379275,2026-05-13,PL,2025,Manchester City,Crystal Palace,4,1.0609,1.8667,0,3,0.7636,0.0,0
1379330,2026-05-15,PL,2025,Aston Villa,Liverpool,3,0.0952,2.0,0,4,1.0272,1.6667,0
1379336,2026-05-17,PL,2025,Manchester United,Nottingham Forest,0,0.0,0.0,0,4,0.2262,2.8667,0
1379338,2026-05-17,PL,2025,Wolves,Fulham,3,0.2692,0.0,0,4,0.6458,3.5333,0
1379334,2026-05-17,PL,2025,Everton,Sunderland,2,0.0833,0.0,0,2,0.1333,1.6,0
1379332,2026-05-17,PL,2025,Brentford,Crystal Palace,2,0.2258,1.9333,0,3,0.1538,2.0667,0
1379335,2026-05-17,PL,2025,Leeds,Brighton,4,0.0323,2.1333,0,3,0.3579,1.4667,0
1379337,2026-05-17,PL,2025,Newcastle,West Ham,3,0.337,1.6,0,2,0.25,0.0,0
1379329,2026-05-18,PL,2025,Arsenal,Burnley,5,0.8233,3.1333,0,3,0.0909,3.4,0
1379331,2026-05-19,PL,2025,Bournemouth,Manchester City,2,0.2222,1.7333,0,2,0.2105,0.0,1
1379333,2026-05-19,PL,2025,Chelsea,Tottenham,3,0.5,3.7333,0,5,0.4891,2.0667,0
1545715,2026-05-23,ELC,2025,Hull City,Middlesbrough,2,0.4167,1.0667,0,1,0.2955,0.0,0
1379342,2026-05-24,PL,2025,Fulham,Newcastle,4,0.9458,2.2,0,5,0.7054,1.2,0
1379343,2026-05-24,PL,2025,Liverpool,Brentford,3,0.1852,1.8,0,2,0.2,0.0,0
1379340,2026-05-24,PL,2025,Burnley,Wolves,3,0.0909,4.6,0,3,0.0697,0.0,0
1379347,2026-05-24,PL,2025,Tottenham,Everton,6,0.5367,2.0667,0,3,0.6127,0.0,0
1379348,2026-05-24,PL,2025,West Ham,Leeds,1,0.0,0.0,0,2,0.1786,0.0,0
1379344,2026-05-24,PL,2025,Manchester City,Aston Villa,9,1.0635,8.3333,0,7,0.3655,6.6667,1
1379339,2026-05-24,PL,2025,Brighton,Manchester United,2,0.1579,0.0,0,3,0.6176,1.9333,0
1379341,2026-05-24,PL,2025,Crystal Palace,Arsenal,6,0.2161,5.3333,1,9,1.5518,8.3333,3
1379345,2026-05-24,PL,2025,Nottingham Forest,Bournemouth,4,0.2017,2.8667,0,3,0.3105,1.7333,0
1379346,2026-05-24,PL,2025,Sunderland,Chelsea,3,0.1333,3.7333,0,1,0.0,2.0667,0
